timestamp, utilization.gpu [%], utilization.memory [%], memory.used [MiB], memory.total [MiB], power.draw [W]
2026/09/24 06:51:18.067, 0 %, 0 %, 500 MiB, 49140 MiB, 28.38 W
2026/09/24 06:51:18.272, 0 %, 0 %, 500 MiB, 49140 MiB, 28.38 W
2026/09/24 06:51:18.472, 0 %, 0 %, 500 MiB, 49140 MiB, 28.36 W
2026/09/24 06:51:18.672, 0 %, 0 %, 500 MiB, 49140 MiB, 28.36 W
2026/09/24 06:51:18.872, 0 %, 0 %, 500 MiB, 49140 MiB, 28.36 W
2026/09/24 06:51:19.073, 0 %, 0 %, 500 MiB, 49140 MiB, 28.36 W
2026/09/24 06:51:19.273, 0 %, 0 %, 500 MiB, 49140 MiB, 28.36 W
2026/09/24 06:51:19.473, 0 %, 0 %, 500 MiB, 49140 MiB, 28.35 W
2026/09/24 06:51:19.674, 0 %, 0 %, 500 MiB, 49140 MiB, 28.35 W
2026/09/24 06:51:19.874, 0 %, 0 %, 500 MiB, 49140 MiB, 28.35 W
2026/09/24 06:51:20.074, 0 %, 0 %, 500 MiB, 49140 MiB, 28.35 W
2026/09/24 06:51:20.274, 0 %, 0 %, 500 MiB, 49140 MiB, 28.35 W
2026/09/24 06:51:20.475, 0 %, 0 %, 500 MiB, 49140 MiB, 28.34 W
2026/09/24 06:51:20.675, 0 %, 0 %, 500 MiB, 49140 MiB, 28.34 W
2026/09/24 06:51:20.875, 0 %, 0 %, 500 MiB, 49140 MiB, 28.34 W
2026/09/24 06:51:21.075, 0 %, 0 %, 500 MiB, 49140 MiB, 28.34 W
2026/09/24 06:51:21.276, 0 %, 0 %, 500 MiB, 49140 MiB, 28.34 W
2026/09/24 06:51:21.476, 0 %, 0 %, 500 MiB, 49140 MiB, 28.34 W
2026/09/24 06:51:21.676, 0 %, 0 %, 500 MiB, 49140 MiB, 28.34 W
2026/09/24 06:51:21.876, 0 %, 0 %, 500 MiB, 49140 MiB, 28.34 W
2026/09/24 06:51:22.077, 0 %, 0 %, 500 MiB, 49140 MiB, 28.34 W
2026/09/24 06:51:22.277, 0 %, 0 %, 500 MiB, 49140 MiB, 28.34 W
2026/09/24 06:51:22.477, 0 %, 0 %, 500 MiB, 49140 MiB, 28.34 W
2026/09/24 06:51:22.678, 0 %, 0 %, 500 MiB, 49140 MiB, 28.34 W
2026/09/24 06:51:22.878, 0 %, 0 %, 500 MiB, 49140 MiB, 28.34 W
2026/09/24 06:51:23.078, 0 %, 0 %, 500 MiB, 49140 MiB, 28.34 W
2026/09/24 06:51:23.278, 0 %, 0 %, 500 MiB, 49140 MiB, 28.34 W
2026/09/24 06:51:23.479, 0 %, 0 %, 500 MiB, 49140 MiB, 28.32 W
2026/09/24 06:51:23.679, 0 %, 0 %, 500 MiB, 49140 MiB, 28.32 W
2026/09/24 06:51:23.879, 0 %, 0 %, 500 MiB, 49140 MiB, 28.32 W
2026/09/24 06:51:24.079, 0 %, 0 %, 500 MiB, 49140 MiB, 28.32 W
2026/09/24 06:51:24.280, 0 %, 0 %, 500 MiB, 49140 MiB, 28.32 W
2026/09/24 06:51:24.480, 0 %, 0 %, 500 MiB, 49140 MiB, 28.31 W
2026/09/24 06:51:24.680, 0 %, 0 %, 500 MiB, 49140 MiB, 28.31 W
2026/09/24 06:51:24.881, 0 %, 0 %, 500 MiB, 49140 MiB, 28.31 W
2026/09/24 06:51:25.081, 0 %, 0 %, 500 MiB, 49140 MiB, 28.31 W
2026/09/24 06:51:25.281, 0 %, 0 %, 500 MiB, 49140 MiB, 28.31 W
2026/09/24 06:51:25.481, 0 %, 0 %, 500 MiB, 49140 MiB, 28.33 W
2026/09/24 06:51:25.682, 0 %, 0 %, 500 MiB, 49140 MiB, 28.33 W
2026/09/24 06:51:25.882, 0 %, 0 %, 500 MiB, 49140 MiB, 28.33 W
2026/09/24 06:51:26.082, 0 %, 0 %, 500 MiB, 49140 MiB, 28.33 W
2026/09/24 06:51:26.282, 0 %, 0 %, 500 MiB, 49140 MiB, 28.33 W
2026/09/24 06:51:26.483, 0 %, 0 %, 500 MiB, 49140 MiB, 28.35 W
2026/09/24 06:51:26.683, 0 %, 0 %, 500 MiB, 49140 MiB, 28.35 W
2026/09/24 06:51:26.883, 0 %, 0 %, 500 MiB, 49140 MiB, 28.35 W
2026/09/24 06:51:27.083, 0 %, 0 %, 500 MiB, 49140 MiB, 28.35 W
2026/09/24 06:51:27.284, 0 %, 0 %, 500 MiB, 49140 MiB, 28.35 W
2026/09/24 06:51:27.484, 0 %, 0 %, 500 MiB, 49140 MiB, 28.34 W
2026/09/24 06:51:27.684, 0 %, 0 %, 500 MiB, 49140 MiB, 28.34 W
2026/09/24 06:51:27.885, 0 %, 0 %, 500 MiB, 49140 MiB, 28.34 W
2026/09/24 06:51:28.085, 0 %, 0 %, 500 MiB, 49140 MiB, 28.34 W
2026/09/24 06:51:28.285, 0 %, 0 %, 500 MiB, 49140 MiB, 28.34 W
2026/09/24 06:51:28.485, 0 %, 0 %, 500 MiB, 49140 MiB, 28.38 W
2026/09/24 06:51:28.686, 0 %, 0 %, 500 MiB, 49140 MiB, 28.38 W
2026/09/24 06:51:28.886, 0 %, 0 %, 500 MiB, 49140 MiB, 28.38 W
2026/09/24 06:51:29.086, 0 %, 0 %, 500 MiB, 49140 MiB, 28.38 W
2026/09/24 06:51:29.286, 0 %, 0 %, 500 MiB, 49140 MiB, 28.38 W
2026/09/24 06:51:29.487, 0 %, 0 %, 500 MiB, 49140 MiB, 28.43 W
2026/09/24 06:51:29.687, 0 %, 0 %, 500 MiB, 49140 MiB, 28.43 W
2026/09/24 06:51:29.887, 0 %, 0 %, 500 MiB, 49140 MiB, 28.43 W
2026/09/24 06:51:30.087, 0 %, 0 %, 500 MiB, 49140 MiB, 28.43 W
2026/09/24 06:51:30.288, 0 %, 0 %, 500 MiB, 49140 MiB, 28.43 W
2026/09/24 06:51:30.488, 0 %, 0 %, 500 MiB, 49140 MiB, 28.40 W
2026/09/24 06:51:30.688, 0 %, 0 %, 500 MiB, 49140 MiB, 28.40 W
2026/09/24 06:51:30.889, 0 %, 0 %, 500 MiB, 49140 MiB, 28.40 W
2026/09/24 06:51:31.089, 0 %, 0 %, 500 MiB, 49140 MiB, 28.40 W
2026/09/24 06:51:31.289, 0 %, 0 %, 500 MiB, 49140 MiB, 28.40 W
2026/09/24 06:51:31.489, 0 %, 0 %, 500 MiB, 49140 MiB, 28.35 W
2026/09/24 06:51:31.690, 0 %, 0 %, 500 MiB, 49140 MiB, 28.35 W
2026/09/24 06:51:31.890, 0 %, 0 %, 500 MiB, 49140 MiB, 28.35 W
2026/09/24 06:51:32.090, 0 %, 0 %, 500 MiB, 49140 MiB, 28.35 W
2026/09/24 06:51:32.290, 0 %, 0 %, 500 MiB, 49140 MiB, 28.35 W
2026/09/24 06:51:32.491, 0 %, 0 %, 500 MiB, 49140 MiB, 28.37 W
2026/09/24 06:51:32.691, 0 %, 0 %, 500 MiB, 49140 MiB, 28.37 W
2026/09/24 06:51:32.891, 0 %, 0 %, 500 MiB, 49140 MiB, 28.37 W
2026/09/24 06:51:33.091, 0 %, 0 %, 500 MiB, 49140 MiB, 28.37 W
2026/09/24 06:51:33.292, 0 %, 0 %, 500 MiB, 49140 MiB, 28.37 W
2026/09/24 06:51:33.492, 0 %, 0 %, 500 MiB, 49140 MiB, 28.40 W
2026/09/24 06:51:33.692, 0 %, 0 %, 500 MiB, 49140 MiB, 28.40 W
2026/09/24 06:51:33.892, 0 %, 0 %, 500 MiB, 49140 MiB, 28.40 W
2026/09/24 06:51:34.093, 0 %, 0 %, 500 MiB, 49140 MiB, 28.40 W
2026/09/24 06:51:34.293, 0 %, 0 %, 500 MiB, 49140 MiB, 28.40 W
2026/09/24 06:51:34.493, 0 %, 0 %, 500 MiB, 49140 MiB, 28.40 W
2026/09/24 06:51:34.694, 0 %, 0 %, 500 MiB, 49140 MiB, 28.40 W
2026/09/24 06:51:34.894, 0 %, 0 %, 500 MiB, 49140 MiB, 28.40 W
2026/09/24 06:51:35.094, 0 %, 0 %, 500 MiB, 49140 MiB, 28.40 W
2026/09/24 06:51:35.294, 0 %, 0 %, 500 MiB, 49140 MiB, 28.40 W
2026/09/24 06:51:35.495, 0 %, 0 %, 500 MiB, 49140 MiB, 28.35 W
2026/09/24 06:51:35.695, 0 %, 0 %, 500 MiB, 49140 MiB, 28.35 W
2026/09/24 06:51:35.895, 0 %, 0 %, 500 MiB, 49140 MiB, 28.35 W
2026/09/24 06:51:36.095, 0 %, 0 %, 500 MiB, 49140 MiB, 28.35 W
2026/09/24 06:51:36.296, 0 %, 0 %, 500 MiB, 49140 MiB, 28.35 W
2026/09/24 06:51:36.496, 0 %, 0 %, 500 MiB, 49140 MiB, 28.34 W
2026/09/24 06:51:36.696, 0 %, 0 %, 500 MiB, 49140 MiB, 28.34 W
2026/09/24 06:51:36.896, 0 %, 0 %, 500 MiB, 49140 MiB, 28.34 W
2026/09/24 06:51:37.097, 0 %, 0 %, 500 MiB, 49140 MiB, 28.34 W
2026/09/24 06:51:37.297, 0 %, 0 %, 500 MiB, 49140 MiB, 28.34 W
2026/09/24 06:51:37.497, 0 %, 0 %, 500 MiB, 49140 MiB, 28.34 W
2026/09/24 06:51:37.697, 0 %, 0 %, 500 MiB, 49140 MiB, 28.34 W
2026/09/24 06:51:37.898, 0 %, 0 %, 500 MiB, 49140 MiB, 28.34 W
2026/09/24 06:51:38.098, 0 %, 0 %, 500 MiB, 49140 MiB, 28.34 W
2026/09/24 06:51:38.298, 0 %, 0 %, 500 MiB, 49140 MiB, 28.34 W
2026/09/24 06:51:38.499, 0 %, 0 %, 500 MiB, 49140 MiB, 28.34 W
2026/09/24 06:51:38.699, 0 %, 0 %, 500 MiB, 49140 MiB, 28.34 W
2026/09/24 06:51:38.899, 0 %, 0 %, 500 MiB, 49140 MiB, 28.34 W
2026/09/24 06:51:39.099, 0 %, 0 %, 500 MiB, 49140 MiB, 28.34 W
2026/09/24 06:51:39.300, 0 %, 0 %, 500 MiB, 49140 MiB, 28.34 W
2026/09/24 06:51:39.500, 0 %, 0 %, 500 MiB, 49140 MiB, 28.34 W
2026/09/24 06:51:39.700, 0 %, 0 %, 500 MiB, 49140 MiB, 28.34 W
2026/09/24 06:51:39.900, 0 %, 0 %, 500 MiB, 49140 MiB, 28.34 W
2026/09/24 06:51:40.101, 0 %, 0 %, 500 MiB, 49140 MiB, 28.34 W
2026/09/24 06:51:40.301, 0 %, 0 %, 500 MiB, 49140 MiB, 28.34 W
2026/09/24 06:51:40.501, 0 %, 0 %, 500 MiB, 49140 MiB, 28.31 W
2026/09/24 06:51:40.701, 0 %, 0 %, 500 MiB, 49140 MiB, 28.31 W
2026/09/24 06:51:40.902, 0 %, 0 %, 500 MiB, 49140 MiB, 28.31 W
2026/09/24 06:51:41.102, 0 %, 0 %, 500 MiB, 49140 MiB, 28.31 W
2026/09/24 06:51:41.302, 0 %, 0 %, 500 MiB, 49140 MiB, 28.31 W
2026/09/24 06:51:41.503, 0 %, 0 %, 500 MiB, 49140 MiB, 28.29 W
2026/09/24 06:51:41.703, 0 %, 0 %, 500 MiB, 49140 MiB, 28.29 W
2026/09/24 06:51:41.903, 0 %, 0 %, 500 MiB, 49140 MiB, 28.29 W
2026/09/24 06:51:42.103, 0 %, 0 %, 500 MiB, 49140 MiB, 28.29 W
2026/09/24 06:51:42.304, 0 %, 0 %, 500 MiB, 49140 MiB, 28.29 W
2026/09/24 06:51:42.504, 0 %, 0 %, 500 MiB, 49140 MiB, 28.30 W
2026/09/24 06:51:42.704, 0 %, 0 %, 500 MiB, 49140 MiB, 28.30 W
2026/09/24 06:51:42.904, 0 %, 0 %, 500 MiB, 49140 MiB, 28.30 W
2026/09/24 06:51:43.105, 0 %, 0 %, 500 MiB, 49140 MiB, 28.30 W
2026/09/24 06:51:43.305, 0 %, 0 %, 500 MiB, 49140 MiB, 28.30 W
2026/09/24 06:51:43.505, 0 %, 0 %, 517 MiB, 49140 MiB, 28.29 W
2026/09/24 06:51:43.706, 0 %, 0 %, 1025 MiB, 49140 MiB, 28.29 W
2026/09/24 06:51:43.906, 0 %, 0 %, 1025 MiB, 49140 MiB, 37.90 W
2026/09/24 06:51:44.107, 0 %, 0 %, 2527 MiB, 49140 MiB, 37.90 W
2026/09/24 06:51:44.307, 0 %, 0 %, 2527 MiB, 49140 MiB, 37.90 W
2026/09/24 06:51:44.507, 0 %, 0 %, 2527 MiB, 49140 MiB, 59.73 W
2026/09/24 06:51:44.707, 0 %, 0 %, 2845 MiB, 49140 MiB, 59.73 W
2026/09/24 06:51:44.908, 28 %, 1 %, 2845 MiB, 49140 MiB, 67.32 W
2026/09/24 06:51:45.108, 28 %, 1 %, 2845 MiB, 49140 MiB, 67.32 W
2026/09/24 06:51:45.308, 28 %, 1 %, 2845 MiB, 49140 MiB, 67.32 W
2026/09/24 06:51:45.508, 0 %, 0 %, 2697 MiB, 49140 MiB, 67.80 W
2026/09/24 06:51:45.709, 0 %, 0 %, 2697 MiB, 49140 MiB, 67.80 W
2026/09/24 06:51:45.909, 0 %, 0 %, 2773 MiB, 49140 MiB, 67.50 W
2026/09/24 06:51:46.109, 0 %, 0 %, 2773 MiB, 49140 MiB, 67.50 W
2026/09/24 06:51:46.310, 0 %, 0 %, 2773 MiB, 49140 MiB, 67.50 W
2026/09/24 06:51:46.510, 0 %, 0 %, 2773 MiB, 49140 MiB, 66.64 W
2026/09/24 06:51:46.710, 0 %, 0 %, 2773 MiB, 49140 MiB, 66.64 W
2026/09/24 06:51:46.910, 0 %, 0 %, 2773 MiB, 49140 MiB, 66.59 W
2026/09/24 06:51:47.111, 0 %, 0 %, 2773 MiB, 49140 MiB, 66.59 W
2026/09/24 06:51:47.311, 0 %, 0 %, 2773 MiB, 49140 MiB, 66.59 W
2026/09/24 06:51:47.511, 0 %, 0 %, 2833 MiB, 49140 MiB, 66.52 W
2026/09/24 06:51:47.711, 0 %, 0 %, 2865 MiB, 49140 MiB, 66.52 W
2026/09/24 06:51:47.912, 0 %, 0 %, 2865 MiB, 49140 MiB, 71.45 W
2026/09/24 06:51:48.112, 0 %, 0 %, 2865 MiB, 49140 MiB, 71.45 W
2026/09/24 06:51:48.312, 0 %, 0 %, 2961 MiB, 49140 MiB, 71.45 W
2026/09/24 06:51:48.513, 1 %, 0 %, 2961 MiB, 49140 MiB, 79.73 W
2026/09/24 06:51:48.713, 1 %, 0 %, 2961 MiB, 49140 MiB, 79.73 W
2026/09/24 06:51:48.913, 0 %, 0 %, 2961 MiB, 49140 MiB, 73.69 W
2026/09/24 06:51:49.113, 0 %, 0 %, 2811 MiB, 49140 MiB, 73.69 W
2026/09/24 06:51:49.314, 0 %, 0 %, 2811 MiB, 49140 MiB, 73.69 W
2026/09/24 06:51:49.514, 0 %, 0 %, 2891 MiB, 49140 MiB, 66.79 W
2026/09/24 06:51:49.714, 0 %, 0 %, 2891 MiB, 49140 MiB, 66.79 W
2026/09/24 06:51:49.914, 0 %, 0 %, 2893 MiB, 49140 MiB, 66.65 W
2026/09/24 06:51:50.115, 0 %, 0 %, 2939 MiB, 49140 MiB, 66.65 W
2026/09/24 06:51:50.315, 0 %, 0 %, 2939 MiB, 49140 MiB, 66.65 W
2026/09/24 06:51:50.515, 0 %, 0 %, 2939 MiB, 49140 MiB, 68.32 W
2026/09/24 06:51:50.715, 0 %, 0 %, 2939 MiB, 49140 MiB, 68.32 W
2026/09/24 06:51:50.916, 51 %, 60 %, 46833 MiB, 49140 MiB, 73.65 W
2026/09/24 06:51:51.116, 51 %, 60 %, 46833 MiB, 49140 MiB, 73.65 W
2026/09/24 06:51:51.316, 51 %, 60 %, 47021 MiB, 49140 MiB, 73.65 W
2026/09/24 06:51:51.516, 14 %, 13 %, 47021 MiB, 49140 MiB, 77.15 W
2026/09/24 06:51:51.717, 14 %, 13 %, 47021 MiB, 49140 MiB, 77.15 W
2026/09/24 06:51:51.917, 45 %, 1 %, 46883 MiB, 49140 MiB, 80.68 W
2026/09/24 06:51:52.117, 45 %, 1 %, 46887 MiB, 49140 MiB, 80.68 W
2026/09/24 06:51:52.318, 45 %, 1 %, 46895 MiB, 49140 MiB, 80.68 W
2026/09/24 06:51:52.518, 24 %, 3 %, 46897 MiB, 49140 MiB, 90.63 W
2026/09/24 06:51:52.718, 24 %, 3 %, 46897 MiB, 49140 MiB, 90.63 W
2026/09/24 06:51:52.918, 0 %, 0 %, 46897 MiB, 49140 MiB, 93.15 W
2026/09/24 06:51:53.119, 0 %, 0 %, 46897 MiB, 49140 MiB, 93.15 W
2026/09/24 06:51:53.319, 0 %, 0 %, 46897 MiB, 49140 MiB, 93.15 W
2026/09/24 06:51:53.519, 0 %, 0 %, 46897 MiB, 49140 MiB, 79.91 W
2026/09/24 06:51:53.719, 0 %, 0 %, 46897 MiB, 49140 MiB, 79.91 W
2026/09/24 06:51:53.920, 0 %, 0 %, 46897 MiB, 49140 MiB, 76.32 W
2026/09/24 06:51:54.120, 0 %, 0 %, 46897 MiB, 49140 MiB, 76.32 W
2026/09/24 06:51:54.320, 0 %, 0 %, 46897 MiB, 49140 MiB, 76.32 W
2026/09/24 06:51:54.521, 0 %, 0 %, 46897 MiB, 49140 MiB, 76.32 W
2026/09/24 06:51:54.721, 0 %, 0 %, 46897 MiB, 49140 MiB, 76.32 W
2026/09/24 06:51:54.921, 0 %, 0 %, 46897 MiB, 49140 MiB, 67.01 W
2026/09/24 06:51:55.121, 0 %, 0 %, 46897 MiB, 49140 MiB, 67.01 W
2026/09/24 06:51:55.322, 0 %, 0 %, 46897 MiB, 49140 MiB, 67.01 W
2026/09/24 06:51:55.522, 0 %, 0 %, 46897 MiB, 49140 MiB, 67.01 W
2026/09/24 06:51:55.722, 0 %, 0 %, 46897 MiB, 49140 MiB, 67.01 W
2026/09/24 06:51:55.923, 0 %, 0 %, 46897 MiB, 49140 MiB, 66.89 W
2026/09/24 06:51:56.123, 0 %, 0 %, 46897 MiB, 49140 MiB, 66.89 W
2026/09/24 06:51:56.323, 0 %, 0 %, 46897 MiB, 49140 MiB, 66.89 W
2026/09/24 06:51:56.523, 0 %, 0 %, 46897 MiB, 49140 MiB, 66.89 W
2026/09/24 06:51:56.724, 0 %, 0 %, 46897 MiB, 49140 MiB, 66.89 W
2026/09/24 06:51:56.924, 0 %, 0 %, 46897 MiB, 49140 MiB, 66.91 W
2026/09/24 06:51:57.124, 0 %, 0 %, 46897 MiB, 49140 MiB, 66.91 W
2026/09/24 06:51:57.324, 0 %, 0 %, 46897 MiB, 49140 MiB, 66.91 W
2026/09/24 06:51:57.525, 0 %, 0 %, 46897 MiB, 49140 MiB, 66.91 W
2026/09/24 06:51:57.725, 0 %, 0 %, 46897 MiB, 49140 MiB, 66.91 W
2026/09/24 06:51:57.925, 0 %, 0 %, 46897 MiB, 49140 MiB, 66.99 W
2026/09/24 06:51:58.126, 0 %, 0 %, 46897 MiB, 49140 MiB, 66.99 W
2026/09/24 06:51:58.326, 0 %, 0 %, 46897 MiB, 49140 MiB, 66.99 W
2026/09/24 06:51:58.526, 0 %, 0 %, 46897 MiB, 49140 MiB, 66.99 W
2026/09/24 06:51:58.726, 0 %, 0 %, 46897 MiB, 49140 MiB, 66.99 W
2026/09/24 06:51:58.927, 0 %, 0 %, 46897 MiB, 49140 MiB, 67.21 W
2026/09/24 06:51:59.127, 0 %, 0 %, 46897 MiB, 49140 MiB, 67.21 W
2026/09/24 06:51:59.327, 0 %, 0 %, 46897 MiB, 49140 MiB, 67.21 W
2026/09/24 06:51:59.528, 0 %, 0 %, 46897 MiB, 49140 MiB, 67.21 W
2026/09/24 06:51:59.728, 0 %, 0 %, 46897 MiB, 49140 MiB, 67.21 W
2026/09/24 06:51:59.928, 0 %, 0 %, 46897 MiB, 49140 MiB, 67.34 W
2026/09/24 06:52:00.128, 0 %, 0 %, 46897 MiB, 49140 MiB, 67.34 W
2026/09/24 06:52:00.329, 0 %, 0 %, 46897 MiB, 49140 MiB, 67.34 W
2026/09/24 06:52:00.529, 0 %, 0 %, 46897 MiB, 49140 MiB, 67.34 W
2026/09/24 06:52:00.729, 0 %, 0 %, 46897 MiB, 49140 MiB, 67.34 W
2026/09/24 06:52:00.930, 0 %, 0 %, 46897 MiB, 49140 MiB, 67.47 W
2026/09/24 06:52:01.130, 0 %, 0 %, 46897 MiB, 49140 MiB, 67.47 W
2026/09/24 06:52:01.330, 0 %, 0 %, 46897 MiB, 49140 MiB, 67.47 W
2026/09/24 06:52:01.530, 0 %, 0 %, 46897 MiB, 49140 MiB, 67.47 W
2026/09/24 06:52:01.731, 0 %, 0 %, 46897 MiB, 49140 MiB, 67.47 W
2026/09/24 06:52:01.931, 0 %, 0 %, 46897 MiB, 49140 MiB, 67.63 W
2026/09/24 06:52:02.131, 0 %, 0 %, 46897 MiB, 49140 MiB, 67.63 W
2026/09/24 06:52:02.331, 0 %, 0 %, 46897 MiB, 49140 MiB, 67.63 W
2026/09/24 06:52:02.532, 0 %, 0 %, 46897 MiB, 49140 MiB, 67.63 W
2026/09/24 06:52:02.732, 0 %, 0 %, 46897 MiB, 49140 MiB, 67.63 W
2026/09/24 06:52:02.932, 0 %, 0 %, 46897 MiB, 49140 MiB, 67.61 W
2026/09/24 06:52:03.132, 0 %, 0 %, 46897 MiB, 49140 MiB, 67.61 W
2026/09/24 06:52:03.333, 0 %, 0 %, 46897 MiB, 49140 MiB, 67.61 W
2026/09/24 06:52:03.533, 0 %, 0 %, 46897 MiB, 49140 MiB, 67.61 W
2026/09/24 06:52:03.733, 0 %, 0 %, 46897 MiB, 49140 MiB, 67.61 W
2026/09/24 06:52:03.934, 0 %, 0 %, 46897 MiB, 49140 MiB, 67.60 W
2026/09/24 06:52:04.134, 0 %, 0 %, 46897 MiB, 49140 MiB, 67.60 W
2026/09/24 06:52:04.334, 0 %, 0 %, 46897 MiB, 49140 MiB, 67.60 W
2026/09/24 06:52:04.534, 0 %, 0 %, 46897 MiB, 49140 MiB, 67.60 W
2026/09/24 06:52:04.735, 0 %, 0 %, 46897 MiB, 49140 MiB, 67.60 W
2026/09/24 06:52:04.935, 0 %, 0 %, 46897 MiB, 49140 MiB, 67.42 W
2026/09/24 06:52:05.135, 0 %, 0 %, 46897 MiB, 49140 MiB, 67.42 W
2026/09/24 06:52:05.335, 0 %, 0 %, 46897 MiB, 49140 MiB, 67.42 W
2026/09/24 06:52:05.536, 0 %, 0 %, 46897 MiB, 49140 MiB, 67.42 W
2026/09/24 06:52:05.736, 0 %, 0 %, 46897 MiB, 49140 MiB, 67.42 W
2026/09/24 06:52:05.936, 0 %, 0 %, 46897 MiB, 49140 MiB, 67.20 W
2026/09/24 06:52:06.136, 0 %, 0 %, 46897 MiB, 49140 MiB, 67.20 W
2026/09/24 06:52:06.337, 0 %, 0 %, 46897 MiB, 49140 MiB, 67.20 W
2026/09/24 06:52:06.537, 0 %, 0 %, 46897 MiB, 49140 MiB, 67.20 W
2026/09/24 06:52:06.737, 0 %, 0 %, 46897 MiB, 49140 MiB, 67.20 W
2026/09/24 06:52:06.937, 0 %, 0 %, 46897 MiB, 49140 MiB, 67.28 W
2026/09/24 06:52:07.138, 0 %, 0 %, 46897 MiB, 49140 MiB, 67.28 W
2026/09/24 06:52:07.338, 0 %, 0 %, 46897 MiB, 49140 MiB, 67.28 W
2026/09/24 06:52:07.538, 0 %, 0 %, 46897 MiB, 49140 MiB, 67.28 W
2026/09/24 06:52:07.739, 0 %, 0 %, 46897 MiB, 49140 MiB, 67.28 W
2026/09/24 06:52:07.939, 0 %, 0 %, 46897 MiB, 49140 MiB, 67.29 W
2026/09/24 06:52:08.139, 0 %, 0 %, 46897 MiB, 49140 MiB, 67.29 W
2026/09/24 06:52:08.339, 0 %, 0 %, 46897 MiB, 49140 MiB, 67.29 W
2026/09/24 06:52:08.540, 0 %, 0 %, 46897 MiB, 49140 MiB, 67.29 W
2026/09/24 06:52:08.740, 0 %, 0 %, 46897 MiB, 49140 MiB, 67.29 W
2026/09/24 06:52:08.940, 0 %, 0 %, 46897 MiB, 49140 MiB, 67.41 W
2026/09/24 06:52:09.140, 0 %, 0 %, 46897 MiB, 49140 MiB, 67.41 W
2026/09/24 06:52:09.341, 0 %, 0 %, 46897 MiB, 49140 MiB, 67.41 W
2026/09/24 06:52:09.541, 0 %, 0 %, 46897 MiB, 49140 MiB, 67.41 W
2026/09/24 06:52:09.741, 0 %, 0 %, 46897 MiB, 49140 MiB, 67.41 W
2026/09/24 06:52:09.941, 0 %, 0 %, 46897 MiB, 49140 MiB, 64.39 W
2026/09/24 06:52:10.142, 0 %, 0 %, 46897 MiB, 49140 MiB, 64.39 W
2026/09/24 06:52:10.342, 0 %, 0 %, 46897 MiB, 49140 MiB, 64.39 W
2026/09/24 06:52:10.542, 0 %, 0 %, 46897 MiB, 49140 MiB, 64.39 W
2026/09/24 06:52:10.742, 0 %, 0 %, 46897 MiB, 49140 MiB, 64.39 W
2026/09/24 06:52:10.943, 0 %, 0 %, 46897 MiB, 49140 MiB, 49.72 W
2026/09/24 06:52:11.143, 0 %, 0 %, 46897 MiB, 49140 MiB, 49.72 W
2026/09/24 06:52:11.343, 0 %, 0 %, 46897 MiB, 49140 MiB, 49.72 W
2026/09/24 06:52:11.543, 0 %, 0 %, 46897 MiB, 49140 MiB, 49.72 W
2026/09/24 06:52:11.744, 0 %, 0 %, 46897 MiB, 49140 MiB, 49.72 W
2026/09/24 06:52:11.944, 0 %, 0 %, 46897 MiB, 49140 MiB, 33.37 W
2026/09/24 06:52:12.144, 0 %, 0 %, 46897 MiB, 49140 MiB, 33.37 W
2026/09/24 06:52:12.344, 0 %, 0 %, 46897 MiB, 49140 MiB, 33.37 W
2026/09/24 06:52:12.545, 0 %, 0 %, 46897 MiB, 49140 MiB, 33.37 W
2026/09/24 06:52:12.745, 0 %, 0 %, 46897 MiB, 49140 MiB, 33.37 W
2026/09/24 06:52:12.945, 0 %, 0 %, 46897 MiB, 49140 MiB, 28.50 W
2026/09/24 06:52:13.145, 0 %, 0 %, 46897 MiB, 49140 MiB, 28.50 W
2026/09/24 06:52:13.346, 0 %, 0 %, 46897 MiB, 49140 MiB, 28.50 W
2026/09/24 06:52:13.546, 0 %, 0 %, 46897 MiB, 49140 MiB, 28.50 W
2026/09/24 06:52:13.746, 0 %, 0 %, 46897 MiB, 49140 MiB, 28.50 W
2026/09/24 06:52:13.946, 0 %, 0 %, 46897 MiB, 49140 MiB, 28.50 W
2026/09/24 06:52:14.147, 0 %, 0 %, 46897 MiB, 49140 MiB, 28.50 W
2026/09/24 06:52:14.347, 0 %, 0 %, 46897 MiB, 49140 MiB, 28.50 W
2026/09/24 06:52:14.547, 0 %, 0 %, 46897 MiB, 49140 MiB, 28.50 W
2026/09/24 06:52:14.747, 0 %, 0 %, 46897 MiB, 49140 MiB, 28.50 W
2026/09/24 06:52:14.948, 0 %, 0 %, 46897 MiB, 49140 MiB, 28.55 W
2026/09/24 06:52:15.148, 0 %, 0 %, 46897 MiB, 49140 MiB, 28.55 W
2026/09/24 06:52:15.348, 0 %, 0 %, 46897 MiB, 49140 MiB, 28.55 W
2026/09/24 06:52:15.548, 0 %, 0 %, 46897 MiB, 49140 MiB, 28.55 W
2026/09/24 06:52:15.749, 0 %, 0 %, 46897 MiB, 49140 MiB, 28.55 W
2026/09/24 06:52:15.949, 0 %, 0 %, 46897 MiB, 49140 MiB, 28.54 W
2026/09/24 06:52:16.149, 0 %, 0 %, 46897 MiB, 49140 MiB, 28.54 W
2026/09/24 06:52:16.349, 0 %, 0 %, 46897 MiB, 49140 MiB, 28.54 W
2026/09/24 06:52:16.550, 0 %, 0 %, 46897 MiB, 49140 MiB, 28.54 W
2026/09/24 06:52:16.750, 0 %, 0 %, 46897 MiB, 49140 MiB, 28.54 W
2026/09/24 06:52:16.950, 0 %, 0 %, 46897 MiB, 49140 MiB, 28.52 W
2026/09/24 06:52:17.150, 0 %, 0 %, 46897 MiB, 49140 MiB, 28.52 W
2026/09/24 06:52:17.351, 0 %, 0 %, 46897 MiB, 49140 MiB, 28.52 W
2026/09/24 06:52:17.551, 0 %, 0 %, 46897 MiB, 49140 MiB, 28.52 W
2026/09/24 06:52:17.751, 0 %, 0 %, 46897 MiB, 49140 MiB, 28.52 W
2026/09/24 06:52:17.951, 0 %, 0 %, 46897 MiB, 49140 MiB, 28.54 W
2026/09/24 06:52:18.152, 0 %, 0 %, 46897 MiB, 49140 MiB, 28.54 W
2026/09/24 06:52:18.352, 0 %, 0 %, 46897 MiB, 49140 MiB, 28.54 W
2026/09/24 06:52:18.552, 0 %, 0 %, 46897 MiB, 49140 MiB, 28.54 W
2026/09/24 06:52:18.752, 0 %, 0 %, 46897 MiB, 49140 MiB, 28.54 W
2026/09/24 06:52:18.953, 0 %, 0 %, 46897 MiB, 49140 MiB, 28.58 W
2026/09/24 06:52:19.153, 0 %, 0 %, 46897 MiB, 49140 MiB, 28.58 W
2026/09/24 06:52:19.353, 0 %, 0 %, 46897 MiB, 49140 MiB, 28.58 W
2026/09/24 06:52:19.553, 0 %, 0 %, 46897 MiB, 49140 MiB, 28.58 W
2026/09/24 06:52:19.754, 0 %, 0 %, 46897 MiB, 49140 MiB, 28.58 W
2026/09/24 06:52:19.954, 0 %, 0 %, 46897 MiB, 49140 MiB, 28.63 W
2026/09/24 06:52:20.154, 0 %, 0 %, 46897 MiB, 49140 MiB, 28.63 W
2026/09/24 06:52:20.354, 0 %, 0 %, 46897 MiB, 49140 MiB, 28.63 W
2026/09/24 06:52:20.555, 0 %, 0 %, 46897 MiB, 49140 MiB, 28.63 W
2026/09/24 06:52:20.755, 0 %, 0 %, 46897 MiB, 49140 MiB, 28.63 W
2026/09/24 06:52:20.955, 0 %, 0 %, 46897 MiB, 49140 MiB, 28.61 W
2026/09/24 06:52:21.155, 0 %, 0 %, 46897 MiB, 49140 MiB, 28.61 W
2026/09/24 06:52:21.356, 0 %, 0 %, 46897 MiB, 49140 MiB, 28.61 W
2026/09/24 06:52:21.556, 0 %, 0 %, 46897 MiB, 49140 MiB, 28.61 W
2026/09/24 06:52:21.756, 0 %, 0 %, 46897 MiB, 49140 MiB, 28.61 W
2026/09/24 06:52:21.957, 0 %, 0 %, 46897 MiB, 49140 MiB, 28.55 W
2026/09/24 06:52:22.157, 0 %, 0 %, 46897 MiB, 49140 MiB, 28.55 W
2026/09/24 06:52:22.357, 0 %, 0 %, 46897 MiB, 49140 MiB, 28.55 W
2026/09/24 06:52:22.557, 0 %, 0 %, 46897 MiB, 49140 MiB, 28.55 W
2026/09/24 06:52:22.758, 0 %, 0 %, 46937 MiB, 49140 MiB, 28.55 W
2026/09/24 06:52:22.958, 25 %, 12 %, 46937 MiB, 49140 MiB, 49.40 W
2026/09/24 06:52:23.158, 25 %, 12 %, 46937 MiB, 49140 MiB, 49.40 W
2026/09/24 06:52:23.358, 25 %, 12 %, 46937 MiB, 49140 MiB, 49.40 W
2026/09/24 06:52:23.559, 100 %, 24 %, 46937 MiB, 49140 MiB, 132.16 W
2026/09/24 06:52:23.759, 100 %, 24 %, 46937 MiB, 49140 MiB, 132.16 W
2026/09/24 06:52:23.959, 100 %, 22 %, 46937 MiB, 49140 MiB, 238.17 W
2026/09/24 06:52:24.159, 100 %, 22 %, 46937 MiB, 49140 MiB, 238.17 W
2026/09/24 06:52:24.360, 100 %, 22 %, 46937 MiB, 49140 MiB, 238.17 W
2026/09/24 06:52:24.560, 40 %, 36 %, 46937 MiB, 49140 MiB, 255.20 W
2026/09/24 06:52:24.760, 40 %, 36 %, 46937 MiB, 49140 MiB, 255.20 W
2026/09/24 06:52:24.960, 100 %, 23 %, 46937 MiB, 49140 MiB, 259.96 W
2026/09/24 06:52:25.161, 100 %, 23 %, 46937 MiB, 49140 MiB, 259.96 W
2026/09/24 06:52:25.361, 100 %, 23 %, 46937 MiB, 49140 MiB, 259.96 W
2026/09/24 06:52:25.561, 100 %, 26 %, 46937 MiB, 49140 MiB, 268.29 W
2026/09/24 06:52:25.762, 100 %, 26 %, 46937 MiB, 49140 MiB, 268.29 W
2026/09/24 06:52:25.962, 30 %, 27 %, 46937 MiB, 49140 MiB, 279.21 W
2026/09/24 06:52:26.162, 30 %, 27 %, 46937 MiB, 49140 MiB, 279.21 W
2026/09/24 06:52:26.362, 30 %, 27 %, 46937 MiB, 49140 MiB, 279.21 W
2026/09/24 06:52:26.563, 100 %, 22 %, 46937 MiB, 49140 MiB, 232.66 W
2026/09/24 06:52:26.763, 100 %, 22 %, 46937 MiB, 49140 MiB, 232.66 W
2026/09/24 06:52:26.963, 100 %, 25 %, 46937 MiB, 49140 MiB, 243.69 W
2026/09/24 06:52:27.168, 100 %, 25 %, 46937 MiB, 49140 MiB, 243.69 W
2026/09/24 06:52:27.368, 100 %, 25 %, 46937 MiB, 49140 MiB, 243.69 W
2026/09/24 06:52:27.568, 100 %, 28 %, 46937 MiB, 49140 MiB, 299.36 W
2026/09/24 06:52:27.769, 100 %, 28 %, 46937 MiB, 49140 MiB, 299.36 W
2026/09/24 06:52:27.969, 100 %, 30 %, 46937 MiB, 49140 MiB, 298.85 W
2026/09/24 06:52:28.169, 100 %, 30 %, 46937 MiB, 49140 MiB, 298.85 W
2026/09/24 06:52:28.369, 100 %, 30 %, 46937 MiB, 49140 MiB, 298.85 W
2026/09/24 06:52:28.570, 100 %, 29 %, 46937 MiB, 49140 MiB, 299.38 W
2026/09/24 06:52:28.770, 100 %, 29 %, 46937 MiB, 49140 MiB, 299.38 W
2026/09/24 06:52:28.970, 0 %, 0 %, 46937 MiB, 49140 MiB, 254.93 W
2026/09/24 06:52:29.173, 0 %, 0 %, 46937 MiB, 49140 MiB, 254.93 W
2026/09/24 06:52:29.373, 0 %, 0 %, 46937 MiB, 49140 MiB, 254.93 W
2026/09/24 06:52:29.574, 50 %, 14 %, 46937 MiB, 49140 MiB, 193.57 W
2026/09/24 06:52:29.774, 50 %, 14 %, 46937 MiB, 49140 MiB, 193.57 W
2026/09/24 06:52:29.974, 100 %, 24 %, 46937 MiB, 49140 MiB, 220.68 W
2026/09/24 06:52:30.174, 100 %, 24 %, 46937 MiB, 49140 MiB, 220.68 W
2026/09/24 06:52:30.374, 100 %, 24 %, 46937 MiB, 49140 MiB, 220.68 W
2026/09/24 06:52:30.575, 100 %, 25 %, 46937 MiB, 49140 MiB, 295.66 W
2026/09/24 06:52:30.775, 100 %, 25 %, 46937 MiB, 49140 MiB, 295.66 W
2026/09/24 06:52:30.975, 100 %, 29 %, 46937 MiB, 49140 MiB, 299.52 W
2026/09/24 06:52:31.178, 100 %, 29 %, 46937 MiB, 49140 MiB, 299.52 W
2026/09/24 06:52:31.378, 100 %, 29 %, 46937 MiB, 49140 MiB, 299.52 W
2026/09/24 06:52:31.578, 100 %, 30 %, 46937 MiB, 49140 MiB, 298.51 W
2026/09/24 06:52:31.779, 100 %, 30 %, 46937 MiB, 49140 MiB, 298.51 W
2026/09/24 06:52:31.979, 100 %, 29 %, 46937 MiB, 49140 MiB, 299.40 W
2026/09/24 06:52:32.179, 100 %, 29 %, 46937 MiB, 49140 MiB, 299.40 W
2026/09/24 06:52:32.379, 100 %, 29 %, 46937 MiB, 49140 MiB, 299.40 W
2026/09/24 06:52:32.580, 100 %, 31 %, 46937 MiB, 49140 MiB, 298.95 W
2026/09/24 06:52:32.780, 100 %, 31 %, 46937 MiB, 49140 MiB, 298.95 W
2026/09/24 06:52:32.980, 100 %, 31 %, 46937 MiB, 49140 MiB, 299.22 W
2026/09/24 06:52:33.186, 100 %, 31 %, 46937 MiB, 49140 MiB, 299.22 W
2026/09/24 06:52:33.386, 100 %, 31 %, 46937 MiB, 49140 MiB, 298.96 W
2026/09/24 06:52:33.586, 100 %, 31 %, 46937 MiB, 49140 MiB, 298.96 W
2026/09/24 06:52:33.787, 100 %, 31 %, 46937 MiB, 49140 MiB, 298.96 W
2026/09/24 06:52:33.987, 100 %, 28 %, 46937 MiB, 49140 MiB, 299.48 W
2026/09/24 06:52:34.187, 100 %, 28 %, 46937 MiB, 49140 MiB, 299.48 W
2026/09/24 06:52:34.387, 88 %, 85 %, 46937 MiB, 49140 MiB, 291.09 W
2026/09/24 06:52:34.588, 88 %, 85 %, 46937 MiB, 49140 MiB, 291.09 W
2026/09/24 06:52:34.788, 88 %, 85 %, 46937 MiB, 49140 MiB, 291.09 W
2026/09/24 06:52:34.988, 90 %, 27 %, 46937 MiB, 49140 MiB, 242.83 W
2026/09/24 06:52:35.190, 90 %, 27 %, 46937 MiB, 49140 MiB, 242.83 W
2026/09/24 06:52:35.390, 0 %, 0 %, 46937 MiB, 49140 MiB, 186.08 W
2026/09/24 06:52:35.590, 0 %, 0 %, 46937 MiB, 49140 MiB, 186.08 W
2026/09/24 06:52:35.791, 0 %, 0 %, 46937 MiB, 49140 MiB, 186.08 W
2026/09/24 06:52:35.991, 100 %, 22 %, 46937 MiB, 49140 MiB, 209.83 W
2026/09/24 06:52:36.191, 100 %, 22 %, 46937 MiB, 49140 MiB, 209.83 W
2026/09/24 06:52:36.391, 100 %, 25 %, 46937 MiB, 49140 MiB, 253.70 W
2026/09/24 06:52:36.592, 100 %, 25 %, 46937 MiB, 49140 MiB, 253.70 W
2026/09/24 06:52:36.792, 100 %, 25 %, 46937 MiB, 49140 MiB, 253.70 W
2026/09/24 06:52:36.992, 100 %, 28 %, 46937 MiB, 49140 MiB, 299.59 W
2026/09/24 06:52:37.195, 100 %, 28 %, 46937 MiB, 49140 MiB, 299.59 W
2026/09/24 06:52:37.395, 100 %, 27 %, 46937 MiB, 49140 MiB, 298.91 W
2026/09/24 06:52:37.595, 100 %, 27 %, 46937 MiB, 49140 MiB, 298.91 W
2026/09/24 06:52:37.795, 100 %, 27 %, 46937 MiB, 49140 MiB, 298.91 W
2026/09/24 06:52:37.996, 100 %, 31 %, 46937 MiB, 49140 MiB, 299.51 W
2026/09/24 06:52:38.196, 100 %, 31 %, 46937 MiB, 49140 MiB, 299.51 W
2026/09/24 06:52:38.396, 100 %, 29 %, 46937 MiB, 49140 MiB, 299.30 W
2026/09/24 06:52:38.596, 100 %, 29 %, 46937 MiB, 49140 MiB, 299.30 W
2026/09/24 06:52:38.797, 100 %, 29 %, 46937 MiB, 49140 MiB, 299.30 W
2026/09/24 06:52:38.997, 100 %, 31 %, 46937 MiB, 49140 MiB, 299.12 W
2026/09/24 06:52:39.204, 100 %, 31 %, 46937 MiB, 49140 MiB, 299.12 W
2026/09/24 06:52:39.405, 100 %, 28 %, 46937 MiB, 49140 MiB, 299.29 W
2026/09/24 06:52:39.605, 100 %, 28 %, 46937 MiB, 49140 MiB, 299.29 W
2026/09/24 06:52:39.805, 100 %, 28 %, 46937 MiB, 49140 MiB, 299.29 W
2026/09/24 06:52:40.005, 100 %, 31 %, 46937 MiB, 49140 MiB, 299.20 W
2026/09/24 06:52:40.206, 100 %, 31 %, 46937 MiB, 49140 MiB, 299.20 W
2026/09/24 06:52:40.406, 100 %, 28 %, 46937 MiB, 49140 MiB, 299.17 W
2026/09/24 06:52:40.606, 100 %, 28 %, 46937 MiB, 49140 MiB, 299.17 W
2026/09/24 06:52:40.806, 100 %, 28 %, 46937 MiB, 49140 MiB, 299.17 W
2026/09/24 06:52:41.007, 100 %, 31 %, 46937 MiB, 49140 MiB, 299.33 W
2026/09/24 06:52:41.209, 100 %, 31 %, 46937 MiB, 49140 MiB, 299.33 W
2026/09/24 06:52:41.409, 100 %, 31 %, 46937 MiB, 49140 MiB, 299.02 W
2026/09/24 06:52:41.610, 100 %, 31 %, 46937 MiB, 49140 MiB, 299.02 W
2026/09/24 06:52:41.810, 100 %, 31 %, 46937 MiB, 49140 MiB, 299.02 W
2026/09/24 06:52:42.010, 100 %, 28 %, 46937 MiB, 49140 MiB, 299.60 W
2026/09/24 06:52:42.210, 100 %, 28 %, 46937 MiB, 49140 MiB, 299.60 W
2026/09/24 06:52:42.411, 100 %, 31 %, 46937 MiB, 49140 MiB, 298.93 W
2026/09/24 06:52:42.611, 100 %, 31 %, 46937 MiB, 49140 MiB, 298.93 W
2026/09/24 06:52:42.811, 100 %, 31 %, 46937 MiB, 49140 MiB, 298.93 W
2026/09/24 06:52:43.011, 100 %, 29 %, 46937 MiB, 49140 MiB, 299.39 W
2026/09/24 06:52:43.215, 100 %, 29 %, 46937 MiB, 49140 MiB, 299.39 W
2026/09/24 06:52:43.416, 100 %, 28 %, 46937 MiB, 49140 MiB, 299.34 W
2026/09/24 06:52:43.616, 100 %, 28 %, 46937 MiB, 49140 MiB, 299.34 W
2026/09/24 06:52:43.816, 100 %, 28 %, 46937 MiB, 49140 MiB, 299.34 W
2026/09/24 06:52:44.016, 100 %, 31 %, 46937 MiB, 49140 MiB, 298.76 W
2026/09/24 06:52:44.217, 100 %, 31 %, 46937 MiB, 49140 MiB, 298.76 W
2026/09/24 06:52:44.417, 100 %, 30 %, 46937 MiB, 49140 MiB, 299.33 W
2026/09/24 06:52:44.617, 100 %, 30 %, 46937 MiB, 49140 MiB, 299.33 W
2026/09/24 06:52:44.817, 100 %, 30 %, 46937 MiB, 49140 MiB, 299.33 W
2026/09/24 06:52:45.018, 100 %, 27 %, 46937 MiB, 49140 MiB, 299.25 W
2026/09/24 06:52:45.222, 100 %, 27 %, 46937 MiB, 49140 MiB, 299.25 W
2026/09/24 06:52:45.422, 100 %, 30 %, 46937 MiB, 49140 MiB, 298.96 W
2026/09/24 06:52:45.622, 100 %, 30 %, 46937 MiB, 49140 MiB, 298.96 W
2026/09/24 06:52:45.823, 100 %, 30 %, 46937 MiB, 49140 MiB, 298.96 W
2026/09/24 06:52:46.023, 56 %, 16 %, 46937 MiB, 49140 MiB, 271.65 W
2026/09/24 06:52:46.223, 56 %, 16 %, 46937 MiB, 49140 MiB, 271.65 W
2026/09/24 06:52:46.423, 98 %, 22 %, 46937 MiB, 49140 MiB, 253.10 W
2026/09/24 06:52:46.624, 98 %, 22 %, 46937 MiB, 49140 MiB, 253.10 W
2026/09/24 06:52:46.824, 98 %, 22 %, 46937 MiB, 49140 MiB, 253.10 W
2026/09/24 06:52:47.024, 68 %, 38 %, 46937 MiB, 49140 MiB, 257.82 W
2026/09/24 06:52:47.226, 68 %, 38 %, 46937 MiB, 49140 MiB, 257.82 W
2026/09/24 06:52:47.426, 10 %, 8 %, 46937 MiB, 49140 MiB, 205.86 W
2026/09/24 06:52:47.626, 10 %, 8 %, 46937 MiB, 49140 MiB, 205.86 W
2026/09/24 06:52:47.827, 10 %, 8 %, 46937 MiB, 49140 MiB, 205.86 W
2026/09/24 06:52:48.027, 56 %, 35 %, 46937 MiB, 49140 MiB, 159.39 W
2026/09/24 06:52:48.227, 56 %, 35 %, 46937 MiB, 49140 MiB, 159.39 W
2026/09/24 06:52:48.427, 98 %, 23 %, 46937 MiB, 49140 MiB, 215.64 W
2026/09/24 06:52:48.628, 98 %, 23 %, 46937 MiB, 49140 MiB, 215.64 W
2026/09/24 06:52:48.828, 98 %, 23 %, 46937 MiB, 49140 MiB, 215.64 W
2026/09/24 06:52:49.028, 100 %, 24 %, 46937 MiB, 49140 MiB, 284.45 W
2026/09/24 06:52:49.231, 100 %, 24 %, 46937 MiB, 49140 MiB, 284.45 W
2026/09/24 06:52:49.431, 100 %, 26 %, 46937 MiB, 49140 MiB, 299.65 W
2026/09/24 06:52:49.631, 100 %, 26 %, 46937 MiB, 49140 MiB, 299.65 W
2026/09/24 06:52:49.832, 100 %, 26 %, 46937 MiB, 49140 MiB, 299.65 W
2026/09/24 06:52:50.032, 100 %, 30 %, 46937 MiB, 49140 MiB, 298.01 W
2026/09/24 06:52:50.232, 100 %, 30 %, 46937 MiB, 49140 MiB, 298.01 W
2026/09/24 06:52:50.432, 100 %, 28 %, 46937 MiB, 49140 MiB, 299.33 W
2026/09/24 06:52:50.633, 100 %, 28 %, 46937 MiB, 49140 MiB, 299.33 W
2026/09/24 06:52:50.833, 100 %, 28 %, 46937 MiB, 49140 MiB, 299.33 W
2026/09/24 06:52:51.033, 100 %, 28 %, 46937 MiB, 49140 MiB, 299.01 W
2026/09/24 06:52:51.241, 100 %, 28 %, 46937 MiB, 49140 MiB, 299.01 W
2026/09/24 06:52:51.441, 100 %, 30 %, 46937 MiB, 49140 MiB, 299.35 W
2026/09/24 06:52:51.641, 100 %, 30 %, 46937 MiB, 49140 MiB, 299.35 W
2026/09/24 06:52:51.841, 100 %, 30 %, 46937 MiB, 49140 MiB, 299.35 W
2026/09/24 06:52:52.042, 100 %, 31 %, 46937 MiB, 49140 MiB, 299.26 W
2026/09/24 06:52:52.242, 100 %, 31 %, 46937 MiB, 49140 MiB, 299.26 W
2026/09/24 06:52:52.442, 100 %, 30 %, 46937 MiB, 49140 MiB, 299.29 W
2026/09/24 06:52:52.642, 100 %, 30 %, 46937 MiB, 49140 MiB, 299.29 W
2026/09/24 06:52:52.843, 100 %, 30 %, 46937 MiB, 49140 MiB, 299.29 W
2026/09/24 06:52:53.043, 100 %, 30 %, 46937 MiB, 49140 MiB, 299.17 W
2026/09/24 06:52:53.247, 100 %, 30 %, 46937 MiB, 49140 MiB, 299.17 W
2026/09/24 06:52:53.447, 100 %, 29 %, 46937 MiB, 49140 MiB, 299.16 W
2026/09/24 06:52:53.647, 100 %, 29 %, 46937 MiB, 49140 MiB, 299.16 W
2026/09/24 06:52:53.848, 100 %, 29 %, 46937 MiB, 49140 MiB, 299.16 W
2026/09/24 06:52:54.048, 100 %, 27 %, 46937 MiB, 49140 MiB, 299.07 W
2026/09/24 06:52:54.248, 100 %, 27 %, 46937 MiB, 49140 MiB, 299.07 W
2026/09/24 06:52:54.448, 100 %, 27 %, 46937 MiB, 49140 MiB, 299.18 W
2026/09/24 06:52:54.649, 100 %, 27 %, 46937 MiB, 49140 MiB, 299.18 W
2026/09/24 06:52:54.849, 100 %, 27 %, 46937 MiB, 49140 MiB, 299.18 W
2026/09/24 06:52:55.049, 100 %, 27 %, 46937 MiB, 49140 MiB, 299.25 W
2026/09/24 06:52:55.252, 100 %, 27 %, 46937 MiB, 49140 MiB, 299.25 W
2026/09/24 06:52:55.452, 100 %, 27 %, 46937 MiB, 49140 MiB, 299.30 W
2026/09/24 06:52:55.652, 100 %, 27 %, 46937 MiB, 49140 MiB, 299.30 W
2026/09/24 06:52:55.853, 100 %, 27 %, 46937 MiB, 49140 MiB, 299.30 W
2026/09/24 06:52:56.053, 100 %, 28 %, 46937 MiB, 49140 MiB, 299.48 W
2026/09/24 06:52:56.253, 100 %, 28 %, 46937 MiB, 49140 MiB, 299.48 W
2026/09/24 06:52:56.453, 100 %, 27 %, 46937 MiB, 49140 MiB, 299.52 W
2026/09/24 06:52:56.654, 100 %, 27 %, 46937 MiB, 49140 MiB, 299.52 W
2026/09/24 06:52:56.854, 100 %, 27 %, 46937 MiB, 49140 MiB, 299.52 W
2026/09/24 06:52:57.054, 100 %, 28 %, 46937 MiB, 49140 MiB, 299.62 W
2026/09/24 06:52:57.259, 100 %, 28 %, 46937 MiB, 49140 MiB, 299.62 W
2026/09/24 06:52:57.459, 100 %, 28 %, 46937 MiB, 49140 MiB, 299.61 W
2026/09/24 06:52:57.659, 100 %, 28 %, 46937 MiB, 49140 MiB, 299.61 W
2026/09/24 06:52:57.860, 100 %, 28 %, 46937 MiB, 49140 MiB, 299.61 W
2026/09/24 06:52:58.060, 100 %, 28 %, 46937 MiB, 49140 MiB, 299.58 W
2026/09/24 06:52:58.260, 100 %, 28 %, 46937 MiB, 49140 MiB, 299.58 W
2026/09/24 06:52:58.460, 100 %, 28 %, 46937 MiB, 49140 MiB, 299.65 W
2026/09/24 06:52:58.661, 100 %, 28 %, 46937 MiB, 49140 MiB, 299.65 W
2026/09/24 06:52:58.861, 100 %, 28 %, 46937 MiB, 49140 MiB, 299.65 W
2026/09/24 06:52:59.061, 100 %, 27 %, 46937 MiB, 49140 MiB, 299.57 W
2026/09/24 06:52:59.264, 100 %, 27 %, 46937 MiB, 49140 MiB, 299.57 W
2026/09/24 06:52:59.464, 100 %, 27 %, 46937 MiB, 49140 MiB, 299.52 W
2026/09/24 06:52:59.664, 100 %, 27 %, 46937 MiB, 49140 MiB, 299.52 W
2026/09/24 06:52:59.865, 100 %, 27 %, 46937 MiB, 49140 MiB, 299.52 W
2026/09/24 06:53:00.065, 100 %, 27 %, 46937 MiB, 49140 MiB, 299.41 W
2026/09/24 06:53:00.265, 100 %, 27 %, 46937 MiB, 49140 MiB, 299.41 W
2026/09/24 06:53:00.465, 100 %, 27 %, 46937 MiB, 49140 MiB, 299.32 W
2026/09/24 06:53:00.666, 100 %, 27 %, 46937 MiB, 49140 MiB, 299.32 W
2026/09/24 06:53:00.866, 100 %, 27 %, 46937 MiB, 49140 MiB, 299.32 W
2026/09/24 06:53:01.066, 100 %, 27 %, 46937 MiB, 49140 MiB, 299.35 W
2026/09/24 06:53:01.269, 100 %, 27 %, 46937 MiB, 49140 MiB, 299.35 W
2026/09/24 06:53:01.469, 100 %, 28 %, 46937 MiB, 49140 MiB, 299.19 W
2026/09/24 06:53:01.669, 100 %, 28 %, 46937 MiB, 49140 MiB, 299.19 W
2026/09/24 06:53:01.870, 100 %, 28 %, 46937 MiB, 49140 MiB, 299.19 W
2026/09/24 06:53:02.070, 100 %, 29 %, 46937 MiB, 49140 MiB, 299.15 W
2026/09/24 06:53:02.270, 100 %, 29 %, 46937 MiB, 49140 MiB, 299.15 W
2026/09/24 06:53:02.470, 100 %, 30 %, 46937 MiB, 49140 MiB, 298.91 W
2026/09/24 06:53:02.671, 100 %, 30 %, 46937 MiB, 49140 MiB, 298.91 W
2026/09/24 06:53:02.871, 100 %, 30 %, 46937 MiB, 49140 MiB, 298.91 W
2026/09/24 06:53:03.071, 100 %, 30 %, 46937 MiB, 49140 MiB, 299.01 W
2026/09/24 06:53:03.276, 100 %, 30 %, 46937 MiB, 49140 MiB, 299.01 W
2026/09/24 06:53:03.477, 100 %, 30 %, 46937 MiB, 49140 MiB, 298.96 W
2026/09/24 06:53:03.677, 100 %, 30 %, 46937 MiB, 49140 MiB, 298.96 W
2026/09/24 06:53:03.877, 100 %, 30 %, 46937 MiB, 49140 MiB, 298.96 W
2026/09/24 06:53:04.078, 100 %, 30 %, 46937 MiB, 49140 MiB, 299.21 W
2026/09/24 06:53:04.278, 100 %, 30 %, 46937 MiB, 49140 MiB, 299.21 W
2026/09/24 06:53:04.478, 100 %, 29 %, 46937 MiB, 49140 MiB, 299.26 W
2026/09/24 06:53:04.678, 100 %, 29 %, 46937 MiB, 49140 MiB, 299.26 W
2026/09/24 06:53:04.879, 100 %, 29 %, 46937 MiB, 49140 MiB, 299.26 W
2026/09/24 06:53:05.079, 100 %, 27 %, 46937 MiB, 49140 MiB, 299.29 W
2026/09/24 06:53:05.281, 100 %, 27 %, 46937 MiB, 49140 MiB, 299.29 W
2026/09/24 06:53:05.482, 100 %, 27 %, 46937 MiB, 49140 MiB, 299.31 W
2026/09/24 06:53:05.682, 100 %, 27 %, 46937 MiB, 49140 MiB, 299.31 W
2026/09/24 06:53:05.882, 100 %, 27 %, 46937 MiB, 49140 MiB, 299.31 W
2026/09/24 06:53:06.082, 100 %, 29 %, 46937 MiB, 49140 MiB, 299.26 W
2026/09/24 06:53:06.283, 100 %, 29 %, 46937 MiB, 49140 MiB, 299.26 W
2026/09/24 06:53:06.483, 100 %, 30 %, 46937 MiB, 49140 MiB, 299.07 W
2026/09/24 06:53:06.683, 100 %, 30 %, 46937 MiB, 49140 MiB, 299.07 W
2026/09/24 06:53:06.884, 100 %, 30 %, 46937 MiB, 49140 MiB, 299.07 W
2026/09/24 06:53:07.084, 100 %, 30 %, 46937 MiB, 49140 MiB, 299.04 W
2026/09/24 06:53:07.286, 100 %, 30 %, 46937 MiB, 49140 MiB, 299.04 W
2026/09/24 06:53:07.487, 100 %, 30 %, 46937 MiB, 49140 MiB, 299.23 W
2026/09/24 06:53:07.687, 100 %, 30 %, 46937 MiB, 49140 MiB, 299.23 W
2026/09/24 06:53:07.887, 100 %, 27 %, 46937 MiB, 49140 MiB, 299.37 W
2026/09/24 06:53:08.087, 100 %, 27 %, 46937 MiB, 49140 MiB, 299.37 W
2026/09/24 06:53:08.288, 100 %, 27 %, 46937 MiB, 49140 MiB, 299.37 W
2026/09/24 06:53:08.488, 0 %, 0 %, 46937 MiB, 49140 MiB, 260.00 W
2026/09/24 06:53:08.688, 0 %, 0 %, 46937 MiB, 49140 MiB, 260.00 W
2026/09/24 06:53:08.888, 80 %, 32 %, 46937 MiB, 49140 MiB, 243.84 W
2026/09/24 06:53:09.089, 80 %, 32 %, 46937 MiB, 49140 MiB, 243.84 W
2026/09/24 06:53:09.295, 80 %, 32 %, 46937 MiB, 49140 MiB, 243.84 W
2026/09/24 06:53:09.495, 80 %, 37 %, 46937 MiB, 49140 MiB, 249.14 W
2026/09/24 06:53:09.695, 80 %, 37 %, 46937 MiB, 49140 MiB, 249.14 W
2026/09/24 06:53:09.895, 76 %, 38 %, 46937 MiB, 49140 MiB, 271.47 W
2026/09/24 06:53:10.096, 76 %, 38 %, 46937 MiB, 49140 MiB, 271.47 W
2026/09/24 06:53:10.296, 76 %, 38 %, 46937 MiB, 49140 MiB, 271.47 W
2026/09/24 06:53:10.496, 87 %, 30 %, 46937 MiB, 49140 MiB, 274.15 W
2026/09/24 06:53:10.696, 87 %, 30 %, 46937 MiB, 49140 MiB, 274.15 W
2026/09/24 06:53:10.897, 89 %, 31 %, 46937 MiB, 49140 MiB, 280.83 W
2026/09/24 06:53:11.097, 89 %, 31 %, 46937 MiB, 49140 MiB, 280.83 W
2026/09/24 06:53:11.300, 89 %, 31 %, 46937 MiB, 49140 MiB, 280.83 W
2026/09/24 06:53:11.500, 95 %, 27 %, 46937 MiB, 49140 MiB, 289.35 W
2026/09/24 06:53:11.700, 95 %, 27 %, 46937 MiB, 49140 MiB, 289.35 W
2026/09/24 06:53:11.901, 80 %, 39 %, 46937 MiB, 49140 MiB, 289.53 W
2026/09/24 06:53:12.101, 80 %, 39 %, 46937 MiB, 49140 MiB, 289.53 W
2026/09/24 06:53:12.301, 80 %, 39 %, 46937 MiB, 49140 MiB, 289.53 W
2026/09/24 06:53:12.501, 54 %, 38 %, 46937 MiB, 49140 MiB, 251.62 W
2026/09/24 06:53:12.701, 54 %, 38 %, 46937 MiB, 49140 MiB, 251.62 W
2026/09/24 06:53:12.902, 57 %, 37 %, 46937 MiB, 49140 MiB, 226.45 W
2026/09/24 06:53:13.102, 57 %, 37 %, 46937 MiB, 49140 MiB, 226.45 W
2026/09/24 06:53:13.305, 57 %, 37 %, 46937 MiB, 49140 MiB, 226.45 W
2026/09/24 06:53:13.505, 92 %, 28 %, 46937 MiB, 49140 MiB, 247.76 W
2026/09/24 06:53:13.706, 92 %, 28 %, 46937 MiB, 49140 MiB, 247.76 W
2026/09/24 06:53:13.906, 100 %, 23 %, 46937 MiB, 49140 MiB, 277.21 W
2026/09/24 06:53:14.106, 100 %, 23 %, 46937 MiB, 49140 MiB, 277.21 W
2026/09/24 06:53:14.306, 100 %, 23 %, 46937 MiB, 49140 MiB, 277.21 W
2026/09/24 06:53:14.507, 100 %, 24 %, 46937 MiB, 49140 MiB, 299.89 W
2026/09/24 06:53:14.707, 100 %, 24 %, 46937 MiB, 49140 MiB, 299.89 W
2026/09/24 06:53:14.907, 100 %, 26 %, 46937 MiB, 49140 MiB, 299.90 W
2026/09/24 06:53:15.108, 100 %, 26 %, 46937 MiB, 49140 MiB, 299.90 W
2026/09/24 06:53:15.313, 100 %, 26 %, 46937 MiB, 49140 MiB, 299.90 W
2026/09/24 06:53:15.513, 100 %, 26 %, 46937 MiB, 49140 MiB, 298.72 W
2026/09/24 06:53:15.713, 100 %, 26 %, 46937 MiB, 49140 MiB, 298.72 W
2026/09/24 06:53:15.914, 100 %, 27 %, 46937 MiB, 49140 MiB, 299.55 W
2026/09/24 06:53:16.114, 100 %, 27 %, 46937 MiB, 49140 MiB, 299.55 W
2026/09/24 06:53:16.314, 100 %, 27 %, 46937 MiB, 49140 MiB, 299.55 W
2026/09/24 06:53:16.514, 100 %, 28 %, 46937 MiB, 49140 MiB, 298.92 W
2026/09/24 06:53:16.715, 100 %, 28 %, 46937 MiB, 49140 MiB, 298.92 W
2026/09/24 06:53:16.915, 100 %, 30 %, 46937 MiB, 49140 MiB, 299.14 W
2026/09/24 06:53:17.115, 100 %, 30 %, 46937 MiB, 49140 MiB, 299.14 W
2026/09/24 06:53:17.318, 100 %, 30 %, 46937 MiB, 49140 MiB, 299.14 W
2026/09/24 06:53:17.518, 100 %, 29 %, 46937 MiB, 49140 MiB, 298.92 W
2026/09/24 06:53:17.718, 100 %, 29 %, 46937 MiB, 49140 MiB, 298.92 W
2026/09/24 06:53:17.919, 100 %, 27 %, 46937 MiB, 49140 MiB, 299.35 W
2026/09/24 06:53:18.119, 100 %, 27 %, 46937 MiB, 49140 MiB, 299.35 W
2026/09/24 06:53:18.319, 100 %, 27 %, 46937 MiB, 49140 MiB, 299.35 W
2026/09/24 06:53:18.519, 100 %, 27 %, 46937 MiB, 49140 MiB, 299.10 W
2026/09/24 06:53:18.720, 100 %, 27 %, 46937 MiB, 49140 MiB, 299.10 W
2026/09/24 06:53:18.920, 100 %, 30 %, 46937 MiB, 49140 MiB, 299.34 W
2026/09/24 06:53:19.120, 100 %, 30 %, 46937 MiB, 49140 MiB, 299.34 W
2026/09/24 06:53:19.324, 100 %, 30 %, 46937 MiB, 49140 MiB, 299.34 W
2026/09/24 06:53:19.524, 100 %, 30 %, 46937 MiB, 49140 MiB, 299.19 W
2026/09/24 06:53:19.724, 100 %, 30 %, 46937 MiB, 49140 MiB, 299.19 W
2026/09/24 06:53:19.925, 100 %, 28 %, 46937 MiB, 49140 MiB, 299.48 W
2026/09/24 06:53:20.125, 100 %, 28 %, 46937 MiB, 49140 MiB, 299.48 W
2026/09/24 06:53:20.325, 100 %, 28 %, 46937 MiB, 49140 MiB, 299.48 W
2026/09/24 06:53:20.525, 100 %, 27 %, 46937 MiB, 49140 MiB, 299.15 W
2026/09/24 06:53:20.726, 100 %, 27 %, 46937 MiB, 49140 MiB, 299.15 W
2026/09/24 06:53:20.926, 100 %, 30 %, 46937 MiB, 49140 MiB, 299.48 W
2026/09/24 06:53:21.126, 100 %, 30 %, 46937 MiB, 49140 MiB, 299.48 W
2026/09/24 06:53:21.331, 100 %, 30 %, 46937 MiB, 49140 MiB, 299.48 W
2026/09/24 06:53:21.532, 100 %, 30 %, 46937 MiB, 49140 MiB, 299.19 W
2026/09/24 06:53:21.732, 100 %, 30 %, 46937 MiB, 49140 MiB, 299.19 W
2026/09/24 06:53:21.932, 100 %, 28 %, 46937 MiB, 49140 MiB, 299.32 W
2026/09/24 06:53:22.132, 100 %, 28 %, 46937 MiB, 49140 MiB, 299.32 W
2026/09/24 06:53:22.333, 100 %, 28 %, 46937 MiB, 49140 MiB, 299.32 W
2026/09/24 06:53:22.533, 100 %, 27 %, 46937 MiB, 49140 MiB, 299.06 W
2026/09/24 06:53:22.733, 100 %, 27 %, 46937 MiB, 49140 MiB, 299.06 W
2026/09/24 06:53:22.934, 100 %, 30 %, 46937 MiB, 49140 MiB, 299.49 W
2026/09/24 06:53:23.134, 100 %, 30 %, 46937 MiB, 49140 MiB, 299.49 W
2026/09/24 06:53:23.336, 100 %, 30 %, 46937 MiB, 49140 MiB, 299.49 W
2026/09/24 06:53:23.537, 100 %, 30 %, 46937 MiB, 49140 MiB, 299.19 W
2026/09/24 06:53:23.737, 100 %, 30 %, 46937 MiB, 49140 MiB, 299.19 W
2026/09/24 06:53:23.937, 100 %, 28 %, 46937 MiB, 49140 MiB, 299.40 W
2026/09/24 06:53:24.138, 100 %, 28 %, 46937 MiB, 49140 MiB, 299.40 W
2026/09/24 06:53:24.338, 100 %, 28 %, 46937 MiB, 49140 MiB, 299.40 W
2026/09/24 06:53:24.538, 100 %, 27 %, 46937 MiB, 49140 MiB, 299.17 W
2026/09/24 06:53:24.738, 100 %, 27 %, 46937 MiB, 49140 MiB, 299.17 W
2026/09/24 06:53:24.939, 100 %, 30 %, 46937 MiB, 49140 MiB, 299.39 W
2026/09/24 06:53:25.139, 100 %, 30 %, 46937 MiB, 49140 MiB, 299.39 W
2026/09/24 06:53:25.341, 100 %, 30 %, 46937 MiB, 49140 MiB, 299.39 W
2026/09/24 06:53:25.542, 100 %, 30 %, 46937 MiB, 49140 MiB, 299.31 W
2026/09/24 06:53:25.742, 100 %, 30 %, 46937 MiB, 49140 MiB, 299.31 W
2026/09/24 06:53:25.942, 100 %, 27 %, 46937 MiB, 49140 MiB, 299.43 W
2026/09/24 06:53:26.142, 100 %, 27 %, 46937 MiB, 49140 MiB, 299.43 W
2026/09/24 06:53:26.343, 100 %, 27 %, 46937 MiB, 49140 MiB, 299.43 W
2026/09/24 06:53:26.543, 100 %, 28 %, 46937 MiB, 49140 MiB, 299.35 W
2026/09/24 06:53:26.743, 100 %, 28 %, 46937 MiB, 49140 MiB, 299.35 W
2026/09/24 06:53:26.943, 100 %, 30 %, 46937 MiB, 49140 MiB, 299.38 W
2026/09/24 06:53:27.144, 100 %, 30 %, 46937 MiB, 49140 MiB, 299.38 W
2026/09/24 06:53:27.349, 100 %, 30 %, 46937 MiB, 49140 MiB, 299.38 W
2026/09/24 06:53:27.549, 100 %, 29 %, 46937 MiB, 49140 MiB, 299.20 W
2026/09/24 06:53:27.750, 100 %, 29 %, 46937 MiB, 49140 MiB, 299.20 W
2026/09/24 06:53:27.950, 100 %, 27 %, 46937 MiB, 49140 MiB, 299.35 W
2026/09/24 06:53:28.150, 100 %, 27 %, 46937 MiB, 49140 MiB, 299.35 W
2026/09/24 06:53:28.350, 100 %, 27 %, 46937 MiB, 49140 MiB, 299.35 W
2026/09/24 06:53:28.551, 100 %, 30 %, 46937 MiB, 49140 MiB, 299.12 W
2026/09/24 06:53:28.751, 100 %, 30 %, 46937 MiB, 49140 MiB, 299.12 W
2026/09/24 06:53:28.951, 100 %, 29 %, 46937 MiB, 49140 MiB, 299.36 W
2026/09/24 06:53:29.152, 100 %, 29 %, 46937 MiB, 49140 MiB, 299.36 W
2026/09/24 06:53:29.354, 100 %, 29 %, 46937 MiB, 49140 MiB, 299.36 W
2026/09/24 06:53:29.554, 100 %, 27 %, 46937 MiB, 49140 MiB, 299.22 W
2026/09/24 06:53:29.754, 100 %, 27 %, 46937 MiB, 49140 MiB, 299.22 W
2026/09/24 06:53:29.955, 100 %, 30 %, 46937 MiB, 49140 MiB, 299.21 W
2026/09/24 06:53:30.155, 100 %, 30 %, 46937 MiB, 49140 MiB, 299.21 W
2026/09/24 06:53:30.355, 100 %, 30 %, 46937 MiB, 49140 MiB, 299.21 W
2026/09/24 06:53:30.555, 100 %, 29 %, 46937 MiB, 49140 MiB, 299.44 W
2026/09/24 06:53:30.756, 100 %, 29 %, 46937 MiB, 49140 MiB, 299.44 W
2026/09/24 06:53:30.956, 100 %, 27 %, 46937 MiB, 49140 MiB, 299.18 W
2026/09/24 06:53:31.156, 100 %, 27 %, 46937 MiB, 49140 MiB, 299.18 W
2026/09/24 06:53:31.359, 100 %, 27 %, 46937 MiB, 49140 MiB, 299.18 W
2026/09/24 06:53:31.559, 100 %, 30 %, 46937 MiB, 49140 MiB, 299.18 W
2026/09/24 06:53:31.759, 100 %, 30 %, 46937 MiB, 49140 MiB, 299.18 W
2026/09/24 06:53:31.959, 100 %, 29 %, 46937 MiB, 49140 MiB, 299.34 W
2026/09/24 06:53:32.160, 100 %, 29 %, 46937 MiB, 49140 MiB, 299.34 W
2026/09/24 06:53:32.360, 100 %, 29 %, 46937 MiB, 49140 MiB, 299.34 W
2026/09/24 06:53:32.560, 100 %, 27 %, 46937 MiB, 49140 MiB, 299.12 W
2026/09/24 06:53:32.760, 100 %, 27 %, 46937 MiB, 49140 MiB, 299.12 W
2026/09/24 06:53:32.961, 100 %, 30 %, 46937 MiB, 49140 MiB, 299.30 W
2026/09/24 06:53:33.161, 100 %, 30 %, 46937 MiB, 49140 MiB, 299.30 W
2026/09/24 06:53:33.367, 100 %, 30 %, 46937 MiB, 49140 MiB, 299.30 W
2026/09/24 06:53:33.567, 100 %, 30 %, 46937 MiB, 49140 MiB, 299.28 W
2026/09/24 06:53:33.768, 100 %, 30 %, 46937 MiB, 49140 MiB, 299.28 W
2026/09/24 06:53:33.968, 100 %, 27 %, 46937 MiB, 49140 MiB, 299.29 W
2026/09/24 06:53:34.168, 100 %, 27 %, 46937 MiB, 49140 MiB, 299.29 W
2026/09/24 06:53:34.368, 100 %, 27 %, 46937 MiB, 49140 MiB, 299.29 W
2026/09/24 06:53:34.569, 100 %, 29 %, 46937 MiB, 49140 MiB, 299.47 W
2026/09/24 06:53:34.769, 100 %, 29 %, 46937 MiB, 49140 MiB, 299.47 W
2026/09/24 06:53:34.969, 100 %, 30 %, 46937 MiB, 49140 MiB, 299.39 W
2026/09/24 06:53:35.169, 100 %, 30 %, 46937 MiB, 49140 MiB, 299.39 W
2026/09/24 06:53:35.372, 100 %, 30 %, 46937 MiB, 49140 MiB, 299.39 W
2026/09/24 06:53:35.572, 100 %, 28 %, 46937 MiB, 49140 MiB, 299.43 W
2026/09/24 06:53:35.772, 100 %, 28 %, 46937 MiB, 49140 MiB, 299.43 W
2026/09/24 06:53:35.973, 100 %, 28 %, 46937 MiB, 49140 MiB, 299.44 W
2026/09/24 06:53:36.173, 100 %, 28 %, 46937 MiB, 49140 MiB, 299.44 W
2026/09/24 06:53:36.373, 100 %, 28 %, 46937 MiB, 49140 MiB, 299.44 W
2026/09/24 06:53:36.573, 100 %, 30 %, 46937 MiB, 49140 MiB, 299.42 W
2026/09/24 06:53:36.774, 100 %, 30 %, 46937 MiB, 49140 MiB, 299.42 W
2026/09/24 06:53:36.974, 100 %, 28 %, 46937 MiB, 49140 MiB, 299.38 W
2026/09/24 06:53:37.174, 100 %, 28 %, 46937 MiB, 49140 MiB, 299.38 W
2026/09/24 06:53:37.377, 100 %, 28 %, 46937 MiB, 49140 MiB, 299.38 W
2026/09/24 06:53:37.577, 100 %, 28 %, 46937 MiB, 49140 MiB, 299.39 W
2026/09/24 06:53:37.777, 100 %, 28 %, 46937 MiB, 49140 MiB, 299.39 W
2026/09/24 06:53:37.978, 100 %, 30 %, 46937 MiB, 49140 MiB, 299.33 W
2026/09/24 06:53:38.178, 100 %, 30 %, 46937 MiB, 49140 MiB, 299.33 W
2026/09/24 06:53:38.378, 100 %, 30 %, 46937 MiB, 49140 MiB, 299.33 W
2026/09/24 06:53:38.578, 100 %, 27 %, 46937 MiB, 49140 MiB, 299.41 W
2026/09/24 06:53:38.779, 100 %, 27 %, 46937 MiB, 49140 MiB, 299.41 W
2026/09/24 06:53:38.979, 100 %, 27 %, 46937 MiB, 49140 MiB, 299.44 W
2026/09/24 06:53:39.179, 100 %, 27 %, 46937 MiB, 49140 MiB, 299.44 W
2026/09/24 06:53:39.386, 100 %, 27 %, 46937 MiB, 49140 MiB, 299.44 W
2026/09/24 06:53:39.586, 100 %, 30 %, 46937 MiB, 49140 MiB, 299.44 W
2026/09/24 06:53:39.786, 100 %, 30 %, 46937 MiB, 49140 MiB, 299.44 W
2026/09/24 06:53:39.986, 100 %, 27 %, 46937 MiB, 49140 MiB, 299.22 W
2026/09/24 06:53:40.187, 100 %, 27 %, 46937 MiB, 49140 MiB, 299.22 W
2026/09/24 06:53:40.387, 100 %, 27 %, 46937 MiB, 49140 MiB, 299.22 W
2026/09/24 06:53:40.587, 100 %, 29 %, 46937 MiB, 49140 MiB, 299.30 W
2026/09/24 06:53:40.787, 100 %, 29 %, 46937 MiB, 49140 MiB, 299.30 W
2026/09/24 06:53:40.988, 100 %, 30 %, 46937 MiB, 49140 MiB, 299.46 W
2026/09/24 06:53:41.188, 100 %, 30 %, 46937 MiB, 49140 MiB, 299.46 W
2026/09/24 06:53:41.390, 100 %, 27 %, 46937 MiB, 49140 MiB, 299.22 W
2026/09/24 06:53:41.591, 100 %, 27 %, 46937 MiB, 49140 MiB, 299.22 W
2026/09/24 06:53:41.791, 100 %, 27 %, 46937 MiB, 49140 MiB, 299.22 W
2026/09/24 06:53:41.991, 100 %, 30 %, 46937 MiB, 49140 MiB, 299.10 W
2026/09/24 06:53:42.191, 100 %, 30 %, 46937 MiB, 49140 MiB, 299.10 W
2026/09/24 06:53:42.392, 100 %, 29 %, 46937 MiB, 49140 MiB, 299.54 W
2026/09/24 06:53:42.592, 100 %, 29 %, 46937 MiB, 49140 MiB, 299.54 W
2026/09/24 06:53:42.792, 100 %, 29 %, 46937 MiB, 49140 MiB, 299.54 W
2026/09/24 06:53:42.992, 100 %, 27 %, 46937 MiB, 49140 MiB, 299.26 W
2026/09/24 06:53:43.193, 100 %, 27 %, 46937 MiB, 49140 MiB, 299.26 W
2026/09/24 06:53:43.396, 100 %, 30 %, 46937 MiB, 49140 MiB, 299.20 W
2026/09/24 06:53:43.596, 100 %, 30 %, 46937 MiB, 49140 MiB, 299.20 W
2026/09/24 06:53:43.796, 100 %, 30 %, 46937 MiB, 49140 MiB, 299.20 W
2026/09/24 06:53:43.997, 100 %, 27 %, 46937 MiB, 49140 MiB, 299.44 W
2026/09/24 06:53:44.197, 100 %, 27 %, 46937 MiB, 49140 MiB, 299.44 W
2026/09/24 06:53:44.397, 100 %, 28 %, 46937 MiB, 49140 MiB, 299.33 W
2026/09/24 06:53:44.597, 100 %, 28 %, 46937 MiB, 49140 MiB, 299.33 W
2026/09/24 06:53:44.798, 100 %, 28 %, 46937 MiB, 49140 MiB, 299.33 W
2026/09/24 06:53:44.998, 100 %, 30 %, 46937 MiB, 49140 MiB, 299.51 W
2026/09/24 06:53:45.198, 100 %, 30 %, 46937 MiB, 49140 MiB, 299.51 W
2026/09/24 06:53:45.403, 100 %, 27 %, 46937 MiB, 49140 MiB, 299.27 W
2026/09/24 06:53:45.603, 100 %, 27 %, 46937 MiB, 49140 MiB, 299.27 W
2026/09/24 06:53:45.804, 100 %, 27 %, 46937 MiB, 49140 MiB, 299.27 W
2026/09/24 06:53:46.004, 100 %, 29 %, 46937 MiB, 49140 MiB, 299.37 W
2026/09/24 06:53:46.204, 100 %, 29 %, 46937 MiB, 49140 MiB, 299.37 W
2026/09/24 06:53:46.404, 100 %, 30 %, 46937 MiB, 49140 MiB, 299.46 W
2026/09/24 06:53:46.605, 100 %, 30 %, 46937 MiB, 49140 MiB, 299.46 W
2026/09/24 06:53:46.805, 100 %, 30 %, 46937 MiB, 49140 MiB, 299.46 W
2026/09/24 06:53:47.005, 100 %, 27 %, 46937 MiB, 49140 MiB, 299.33 W
2026/09/24 06:53:47.205, 100 %, 27 %, 46937 MiB, 49140 MiB, 299.33 W
2026/09/24 06:53:47.408, 100 %, 30 %, 46937 MiB, 49140 MiB, 299.31 W
2026/09/24 06:53:47.608, 100 %, 30 %, 46937 MiB, 49140 MiB, 299.31 W
2026/09/24 06:53:47.809, 100 %, 30 %, 46937 MiB, 49140 MiB, 299.31 W
2026/09/24 06:53:48.009, 100 %, 29 %, 46937 MiB, 49140 MiB, 299.66 W
2026/09/24 06:53:48.209, 100 %, 29 %, 46937 MiB, 49140 MiB, 299.66 W
2026/09/24 06:53:48.409, 100 %, 27 %, 46937 MiB, 49140 MiB, 299.19 W
2026/09/24 06:53:48.610, 100 %, 27 %, 46937 MiB, 49140 MiB, 299.19 W
2026/09/24 06:53:48.810, 100 %, 27 %, 46937 MiB, 49140 MiB, 299.19 W
2026/09/24 06:53:49.010, 100 %, 30 %, 46937 MiB, 49140 MiB, 299.40 W
2026/09/24 06:53:49.210, 100 %, 30 %, 46937 MiB, 49140 MiB, 299.40 W
2026/09/24 06:53:49.413, 100 %, 27 %, 46937 MiB, 49140 MiB, 299.39 W
2026/09/24 06:53:49.613, 100 %, 27 %, 46937 MiB, 49140 MiB, 299.39 W
2026/09/24 06:53:49.814, 100 %, 27 %, 46937 MiB, 49140 MiB, 299.39 W
2026/09/24 06:53:50.014, 100 %, 29 %, 46937 MiB, 49140 MiB, 299.35 W
2026/09/24 06:53:50.214, 100 %, 29 %, 46937 MiB, 49140 MiB, 299.35 W
2026/09/24 06:53:50.414, 100 %, 30 %, 46937 MiB, 49140 MiB, 299.35 W
2026/09/24 06:53:50.615, 100 %, 30 %, 46937 MiB, 49140 MiB, 299.35 W
2026/09/24 06:53:50.815, 100 %, 30 %, 46937 MiB, 49140 MiB, 299.35 W
2026/09/24 06:53:51.015, 100 %, 27 %, 46937 MiB, 49140 MiB, 299.25 W
2026/09/24 06:53:51.215, 100 %, 27 %, 46937 MiB, 49140 MiB, 299.25 W
2026/09/24 06:53:51.423, 100 %, 30 %, 46937 MiB, 49140 MiB, 299.20 W
2026/09/24 06:53:51.623, 100 %, 30 %, 46937 MiB, 49140 MiB, 299.20 W
2026/09/24 06:53:51.823, 100 %, 30 %, 46937 MiB, 49140 MiB, 299.20 W
2026/09/24 06:53:52.024, 100 %, 28 %, 46937 MiB, 49140 MiB, 299.49 W
2026/09/24 06:53:52.224, 100 %, 28 %, 46937 MiB, 49140 MiB, 299.49 W
2026/09/24 06:53:52.424, 100 %, 28 %, 46937 MiB, 49140 MiB, 299.26 W
2026/09/24 06:53:52.624, 100 %, 28 %, 46937 MiB, 49140 MiB, 299.26 W
2026/09/24 06:53:52.825, 100 %, 28 %, 46937 MiB, 49140 MiB, 299.26 W
2026/09/24 06:53:53.025, 100 %, 30 %, 46937 MiB, 49140 MiB, 299.39 W
2026/09/24 06:53:53.225, 100 %, 30 %, 46937 MiB, 49140 MiB, 299.39 W
2026/09/24 06:53:53.427, 11 %, 3 %, 46937 MiB, 49140 MiB, 246.34 W
2026/09/24 06:53:53.627, 11 %, 3 %, 46937 MiB, 49140 MiB, 246.34 W
2026/09/24 06:53:53.828, 11 %, 3 %, 46937 MiB, 49140 MiB, 246.34 W
2026/09/24 06:53:54.028, 78 %, 32 %, 46937 MiB, 49140 MiB, 226.23 W
2026/09/24 06:53:54.228, 78 %, 32 %, 46937 MiB, 49140 MiB, 226.23 W
2026/09/24 06:53:54.428, 74 %, 34 %, 46937 MiB, 49140 MiB, 274.51 W
2026/09/24 06:53:54.629, 74 %, 34 %, 46937 MiB, 49140 MiB, 274.51 W
2026/09/24 06:53:54.829, 74 %, 34 %, 46937 MiB, 49140 MiB, 274.51 W
2026/09/24 06:53:55.029, 88 %, 34 %, 46937 MiB, 49140 MiB, 279.97 W
2026/09/24 06:53:55.229, 88 %, 34 %, 46937 MiB, 49140 MiB, 279.97 W
2026/09/24 06:53:55.432, 86 %, 35 %, 46937 MiB, 49140 MiB, 280.93 W
2026/09/24 06:53:55.632, 86 %, 35 %, 46937 MiB, 49140 MiB, 280.93 W
2026/09/24 06:53:55.833, 86 %, 35 %, 46937 MiB, 49140 MiB, 280.93 W
2026/09/24 06:53:56.033, 89 %, 33 %, 46937 MiB, 49140 MiB, 284.50 W
2026/09/24 06:53:56.233, 89 %, 33 %, 46937 MiB, 49140 MiB, 284.50 W
2026/09/24 06:53:56.433, 94 %, 34 %, 46937 MiB, 49140 MiB, 289.31 W
2026/09/24 06:53:56.634, 94 %, 34 %, 46937 MiB, 49140 MiB, 289.31 W
2026/09/24 06:53:56.834, 94 %, 34 %, 46937 MiB, 49140 MiB, 289.31 W
2026/09/24 06:53:57.034, 92 %, 29 %, 46937 MiB, 49140 MiB, 282.52 W
2026/09/24 06:53:57.234, 92 %, 29 %, 46937 MiB, 49140 MiB, 282.52 W
2026/09/24 06:53:57.439, 37 %, 10 %, 46937 MiB, 49140 MiB, 255.88 W
2026/09/24 06:53:57.639, 37 %, 10 %, 46937 MiB, 49140 MiB, 255.88 W
2026/09/24 06:53:57.839, 37 %, 10 %, 46937 MiB, 49140 MiB, 255.88 W
2026/09/24 06:53:58.039, 4 %, 3 %, 46937 MiB, 49140 MiB, 217.63 W
2026/09/24 06:53:58.240, 4 %, 3 %, 46937 MiB, 49140 MiB, 217.63 W
2026/09/24 06:53:58.440, 31 %, 12 %, 46937 MiB, 49140 MiB, 182.10 W
2026/09/24 06:53:58.640, 31 %, 12 %, 46937 MiB, 49140 MiB, 182.10 W
2026/09/24 06:53:58.840, 31 %, 12 %, 46937 MiB, 49140 MiB, 182.10 W
2026/09/24 06:53:59.041, 52 %, 14 %, 46937 MiB, 49140 MiB, 169.88 W
2026/09/24 06:53:59.241, 52 %, 14 %, 46937 MiB, 49140 MiB, 169.88 W
2026/09/24 06:53:59.443, 63 %, 21 %, 46937 MiB, 49140 MiB, 171.47 W
2026/09/24 06:53:59.643, 63 %, 21 %, 46937 MiB, 49140 MiB, 171.47 W
2026/09/24 06:53:59.843, 63 %, 21 %, 46937 MiB, 49140 MiB, 171.47 W
2026/09/24 06:54:00.043, 72 %, 38 %, 46937 MiB, 49140 MiB, 174.26 W
2026/09/24 06:54:00.244, 72 %, 38 %, 46937 MiB, 49140 MiB, 174.26 W
2026/09/24 06:54:00.444, 75 %, 31 %, 46937 MiB, 49140 MiB, 211.22 W
2026/09/24 06:54:00.644, 75 %, 31 %, 46937 MiB, 49140 MiB, 211.22 W
2026/09/24 06:54:00.844, 75 %, 31 %, 46937 MiB, 49140 MiB, 211.22 W
2026/09/24 06:54:01.045, 59 %, 32 %, 46937 MiB, 49140 MiB, 218.08 W
2026/09/24 06:54:01.245, 59 %, 32 %, 46937 MiB, 49140 MiB, 218.08 W
2026/09/24 06:54:01.449, 60 %, 30 %, 46937 MiB, 49140 MiB, 222.06 W
2026/09/24 06:54:01.649, 60 %, 30 %, 46937 MiB, 49140 MiB, 222.06 W
2026/09/24 06:54:01.850, 60 %, 30 %, 46937 MiB, 49140 MiB, 222.06 W
2026/09/24 06:54:02.050, 81 %, 34 %, 46937 MiB, 49140 MiB, 227.32 W
2026/09/24 06:54:02.250, 81 %, 34 %, 46937 MiB, 49140 MiB, 227.32 W
2026/09/24 06:54:02.450, 69 %, 34 %, 46937 MiB, 49140 MiB, 227.63 W
2026/09/24 06:54:02.651, 69 %, 34 %, 46937 MiB, 49140 MiB, 227.63 W
2026/09/24 06:54:02.851, 69 %, 34 %, 46937 MiB, 49140 MiB, 227.63 W
2026/09/24 06:54:03.051, 66 %, 40 %, 46937 MiB, 49140 MiB, 241.27 W
2026/09/24 06:54:03.251, 66 %, 40 %, 46937 MiB, 49140 MiB, 241.27 W
2026/09/24 06:54:03.458, 90 %, 30 %, 46937 MiB, 49140 MiB, 260.55 W
2026/09/24 06:54:03.658, 90 %, 30 %, 46937 MiB, 49140 MiB, 260.55 W
2026/09/24 06:54:03.858, 90 %, 30 %, 46937 MiB, 49140 MiB, 260.55 W
2026/09/24 06:54:04.058, 100 %, 23 %, 46937 MiB, 49140 MiB, 283.84 W
2026/09/24 06:54:04.259, 100 %, 23 %, 46937 MiB, 49140 MiB, 283.84 W
2026/09/24 06:54:04.459, 100 %, 24 %, 46937 MiB, 49140 MiB, 299.97 W
2026/09/24 06:54:04.659, 100 %, 24 %, 46937 MiB, 49140 MiB, 299.97 W
2026/09/24 06:54:04.859, 100 %, 24 %, 46937 MiB, 49140 MiB, 299.97 W
2026/09/24 06:54:05.060, 100 %, 27 %, 46937 MiB, 49140 MiB, 299.18 W
2026/09/24 06:54:05.260, 100 %, 27 %, 46937 MiB, 49140 MiB, 299.18 W
2026/09/24 06:54:05.464, 100 %, 26 %, 46937 MiB, 49140 MiB, 299.26 W
2026/09/24 06:54:05.664, 100 %, 26 %, 46937 MiB, 49140 MiB, 299.26 W
2026/09/24 06:54:05.865, 100 %, 26 %, 46937 MiB, 49140 MiB, 299.26 W
2026/09/24 06:54:06.065, 100 %, 27 %, 46937 MiB, 49140 MiB, 299.42 W
2026/09/24 06:54:06.265, 100 %, 27 %, 46937 MiB, 49140 MiB, 299.42 W
2026/09/24 06:54:06.466, 100 %, 30 %, 46937 MiB, 49140 MiB, 299.02 W
2026/09/24 06:54:06.666, 100 %, 30 %, 46937 MiB, 49140 MiB, 299.02 W
2026/09/24 06:54:06.866, 100 %, 30 %, 46937 MiB, 49140 MiB, 299.02 W
2026/09/24 06:54:07.066, 100 %, 30 %, 46937 MiB, 49140 MiB, 299.29 W
2026/09/24 06:54:07.267, 100 %, 30 %, 46937 MiB, 49140 MiB, 299.29 W
2026/09/24 06:54:07.469, 100 %, 28 %, 46937 MiB, 49140 MiB, 299.14 W
2026/09/24 06:54:07.669, 100 %, 28 %, 46937 MiB, 49140 MiB, 299.14 W
2026/09/24 06:54:07.869, 100 %, 28 %, 46937 MiB, 49140 MiB, 299.14 W
2026/09/24 06:54:08.070, 100 %, 27 %, 46937 MiB, 49140 MiB, 299.45 W
2026/09/24 06:54:08.270, 100 %, 27 %, 46937 MiB, 49140 MiB, 299.45 W
2026/09/24 06:54:08.470, 100 %, 28 %, 46937 MiB, 49140 MiB, 299.22 W
2026/09/24 06:54:08.671, 100 %, 28 %, 46937 MiB, 49140 MiB, 299.22 W
2026/09/24 06:54:08.871, 100 %, 28 %, 46937 MiB, 49140 MiB, 299.22 W
2026/09/24 06:54:09.071, 100 %, 30 %, 46937 MiB, 49140 MiB, 299.24 W
2026/09/24 06:54:09.271, 100 %, 30 %, 46937 MiB, 49140 MiB, 299.24 W
2026/09/24 06:54:09.476, 100 %, 28 %, 46937 MiB, 49140 MiB, 299.14 W
2026/09/24 06:54:09.676, 100 %, 28 %, 46937 MiB, 49140 MiB, 299.14 W
2026/09/24 06:54:09.877, 100 %, 28 %, 46937 MiB, 49140 MiB, 299.14 W
2026/09/24 06:54:10.077, 100 %, 27 %, 46937 MiB, 49140 MiB, 299.40 W
2026/09/24 06:54:10.277, 100 %, 27 %, 46937 MiB, 49140 MiB, 299.40 W
2026/09/24 06:54:10.477, 100 %, 30 %, 46937 MiB, 49140 MiB, 299.06 W
2026/09/24 06:54:10.678, 100 %, 30 %, 46937 MiB, 49140 MiB, 299.06 W
2026/09/24 06:54:10.878, 100 %, 30 %, 46937 MiB, 49140 MiB, 299.06 W
2026/09/24 06:54:11.078, 100 %, 30 %, 46937 MiB, 49140 MiB, 299.40 W
2026/09/24 06:54:11.279, 100 %, 30 %, 46937 MiB, 49140 MiB, 299.40 W
2026/09/24 06:54:11.481, 100 %, 27 %, 46937 MiB, 49140 MiB, 299.33 W
2026/09/24 06:54:11.681, 100 %, 27 %, 46937 MiB, 49140 MiB, 299.33 W
2026/09/24 06:54:11.881, 100 %, 27 %, 46937 MiB, 49140 MiB, 299.33 W
2026/09/24 06:54:12.082, 100 %, 28 %, 46937 MiB, 49140 MiB, 299.34 W
2026/09/24 06:54:12.282, 100 %, 28 %, 46937 MiB, 49140 MiB, 299.34 W
2026/09/24 06:54:12.482, 100 %, 30 %, 46937 MiB, 49140 MiB, 299.20 W
2026/09/24 06:54:12.682, 100 %, 30 %, 46937 MiB, 49140 MiB, 299.20 W
2026/09/24 06:54:12.883, 100 %, 30 %, 46937 MiB, 49140 MiB, 299.20 W
2026/09/24 06:54:13.083, 100 %, 28 %, 46937 MiB, 49140 MiB, 299.34 W
2026/09/24 06:54:13.283, 100 %, 28 %, 46937 MiB, 49140 MiB, 299.34 W
2026/09/24 06:54:13.486, 100 %, 27 %, 46937 MiB, 49140 MiB, 299.17 W
2026/09/24 06:54:13.686, 100 %, 27 %, 46937 MiB, 49140 MiB, 299.17 W
2026/09/24 06:54:13.886, 100 %, 27 %, 46937 MiB, 49140 MiB, 299.17 W
2026/09/24 06:54:14.087, 100 %, 30 %, 46937 MiB, 49140 MiB, 299.28 W
2026/09/24 06:54:14.287, 100 %, 30 %, 46937 MiB, 49140 MiB, 299.28 W
2026/09/24 06:54:14.487, 100 %, 28 %, 46937 MiB, 49140 MiB, 299.38 W
2026/09/24 06:54:14.688, 100 %, 28 %, 46937 MiB, 49140 MiB, 299.38 W
2026/09/24 06:54:14.888, 100 %, 28 %, 46937 MiB, 49140 MiB, 299.38 W
2026/09/24 06:54:15.088, 100 %, 27 %, 46937 MiB, 49140 MiB, 299.27 W
2026/09/24 06:54:15.288, 100 %, 27 %, 46937 MiB, 49140 MiB, 299.27 W
2026/09/24 06:54:15.494, 100 %, 30 %, 46937 MiB, 49140 MiB, 299.14 W
2026/09/24 06:54:15.694, 100 %, 30 %, 46937 MiB, 49140 MiB, 299.14 W
2026/09/24 06:54:15.894, 100 %, 28 %, 46937 MiB, 49140 MiB, 299.35 W
2026/09/24 06:54:16.095, 100 %, 28 %, 46937 MiB, 49140 MiB, 299.35 W
2026/09/24 06:54:16.295, 100 %, 28 %, 46937 MiB, 49140 MiB, 299.35 W
2026/09/24 06:54:16.495, 100 %, 27 %, 46937 MiB, 49140 MiB, 299.24 W
2026/09/24 06:54:16.695, 100 %, 27 %, 46937 MiB, 49140 MiB, 299.24 W
2026/09/24 06:54:16.896, 100 %, 30 %, 46937 MiB, 49140 MiB, 299.32 W
2026/09/24 06:54:17.096, 100 %, 30 %, 46937 MiB, 49140 MiB, 299.32 W
2026/09/24 06:54:17.296, 100 %, 30 %, 46937 MiB, 49140 MiB, 299.32 W
2026/09/24 06:54:17.499, 100 %, 27 %, 46937 MiB, 49140 MiB, 299.46 W
2026/09/24 06:54:17.699, 100 %, 27 %, 46937 MiB, 49140 MiB, 299.46 W
2026/09/24 06:54:17.899, 100 %, 28 %, 46937 MiB, 49140 MiB, 299.39 W
2026/09/24 06:54:18.100, 100 %, 28 %, 46937 MiB, 49140 MiB, 299.39 W
2026/09/24 06:54:18.300, 100 %, 28 %, 46937 MiB, 49140 MiB, 299.39 W
2026/09/24 06:54:18.500, 100 %, 30 %, 46937 MiB, 49140 MiB, 299.46 W
2026/09/24 06:54:18.701, 100 %, 30 %, 46937 MiB, 49140 MiB, 299.46 W
2026/09/24 06:54:18.901, 100 %, 27 %, 46937 MiB, 49140 MiB, 299.26 W
2026/09/24 06:54:19.101, 100 %, 27 %, 46937 MiB, 49140 MiB, 299.26 W
2026/09/24 06:54:19.301, 100 %, 27 %, 46937 MiB, 49140 MiB, 299.26 W
2026/09/24 06:54:19.504, 100 %, 30 %, 46937 MiB, 49140 MiB, 299.18 W
2026/09/24 06:54:19.704, 100 %, 30 %, 46937 MiB, 49140 MiB, 299.18 W
2026/09/24 06:54:19.904, 100 %, 30 %, 46937 MiB, 49140 MiB, 299.77 W
2026/09/24 06:54:20.105, 100 %, 30 %, 46937 MiB, 49140 MiB, 299.77 W
2026/09/24 06:54:20.305, 100 %, 30 %, 46937 MiB, 49140 MiB, 299.77 W
2026/09/24 06:54:20.505, 100 %, 27 %, 46937 MiB, 49140 MiB, 299.27 W
2026/09/24 06:54:20.706, 100 %, 27 %, 46937 MiB, 49140 MiB, 299.27 W
2026/09/24 06:54:20.906, 100 %, 30 %, 46937 MiB, 49140 MiB, 299.43 W
2026/09/24 06:54:21.106, 100 %, 30 %, 46937 MiB, 49140 MiB, 299.43 W
2026/09/24 06:54:21.306, 100 %, 30 %, 46937 MiB, 49140 MiB, 299.43 W
2026/09/24 06:54:21.517, 100 %, 27 %, 46937 MiB, 49140 MiB, 299.68 W
2026/09/24 06:54:21.717, 100 %, 27 %, 46937 MiB, 49140 MiB, 299.68 W
2026/09/24 06:54:21.917, 100 %, 29 %, 46937 MiB, 49140 MiB, 299.46 W
2026/09/24 06:54:22.117, 100 %, 29 %, 46937 MiB, 49140 MiB, 299.46 W
2026/09/24 06:54:22.318, 100 %, 29 %, 46937 MiB, 49140 MiB, 299.46 W
2026/09/24 06:54:22.518, 100 %, 30 %, 46937 MiB, 49140 MiB, 299.67 W
2026/09/24 06:54:22.718, 100 %, 30 %, 46937 MiB, 49140 MiB, 299.67 W
2026/09/24 06:54:22.919, 100 %, 27 %, 46937 MiB, 49140 MiB, 299.29 W
2026/09/24 06:54:23.119, 100 %, 27 %, 46937 MiB, 49140 MiB, 299.29 W
2026/09/24 06:54:23.319, 100 %, 27 %, 46937 MiB, 49140 MiB, 299.29 W
2026/09/24 06:54:23.522, 100 %, 30 %, 46937 MiB, 49140 MiB, 299.36 W
2026/09/24 06:54:23.722, 100 %, 30 %, 46937 MiB, 49140 MiB, 299.36 W
2026/09/24 06:54:23.922, 100 %, 27 %, 46937 MiB, 49140 MiB, 299.44 W
2026/09/24 06:54:24.122, 100 %, 27 %, 46937 MiB, 49140 MiB, 299.44 W
2026/09/24 06:54:24.323, 100 %, 27 %, 46937 MiB, 49140 MiB, 299.44 W
2026/09/24 06:54:24.523, 100 %, 29 %, 46937 MiB, 49140 MiB, 299.34 W
2026/09/24 06:54:24.723, 100 %, 29 %, 46937 MiB, 49140 MiB, 299.34 W
2026/09/24 06:54:24.923, 100 %, 28 %, 46937 MiB, 49140 MiB, 299.48 W
2026/09/24 06:54:25.124, 100 %, 28 %, 46937 MiB, 49140 MiB, 299.48 W
2026/09/24 06:54:25.324, 100 %, 28 %, 46937 MiB, 49140 MiB, 299.48 W
2026/09/24 06:54:25.531, 100 %, 27 %, 46937 MiB, 49140 MiB, 299.24 W
2026/09/24 06:54:25.731, 100 %, 27 %, 46937 MiB, 49140 MiB, 299.24 W
2026/09/24 06:54:25.931, 100 %, 30 %, 46937 MiB, 49140 MiB, 299.42 W
2026/09/24 06:54:26.131, 100 %, 30 %, 46937 MiB, 49140 MiB, 299.42 W
2026/09/24 06:54:26.332, 100 %, 30 %, 46937 MiB, 49140 MiB, 299.42 W
2026/09/24 06:54:26.532, 100 %, 27 %, 46937 MiB, 49140 MiB, 299.37 W
2026/09/24 06:54:26.732, 100 %, 27 %, 46937 MiB, 49140 MiB, 299.37 W
2026/09/24 06:54:26.933, 100 %, 30 %, 46937 MiB, 49140 MiB, 299.22 W
2026/09/24 06:54:27.133, 100 %, 30 %, 46937 MiB, 49140 MiB, 299.22 W
2026/09/24 06:54:27.333, 100 %, 30 %, 46937 MiB, 49140 MiB, 299.22 W
2026/09/24 06:54:27.535, 100 %, 27 %, 46937 MiB, 49140 MiB, 299.48 W
2026/09/24 06:54:27.736, 100 %, 27 %, 46937 MiB, 49140 MiB, 299.48 W
2026/09/24 06:54:27.936, 100 %, 30 %, 46937 MiB, 49140 MiB, 299.13 W
2026/09/24 06:54:28.136, 100 %, 30 %, 46937 MiB, 49140 MiB, 299.13 W
2026/09/24 06:54:28.337, 100 %, 30 %, 46937 MiB, 49140 MiB, 299.13 W
2026/09/24 06:54:28.537, 100 %, 27 %, 46937 MiB, 49140 MiB, 299.53 W
2026/09/24 06:54:28.737, 100 %, 27 %, 46937 MiB, 49140 MiB, 299.53 W
2026/09/24 06:54:28.937, 100 %, 29 %, 46937 MiB, 49140 MiB, 299.19 W
2026/09/24 06:54:29.138, 100 %, 29 %, 46937 MiB, 49140 MiB, 299.19 W
2026/09/24 06:54:29.338, 100 %, 29 %, 46937 MiB, 49140 MiB, 299.19 W
2026/09/24 06:54:29.540, 100 %, 29 %, 46937 MiB, 49140 MiB, 299.44 W
2026/09/24 06:54:29.741, 100 %, 29 %, 46937 MiB, 49140 MiB, 299.44 W
2026/09/24 06:54:29.941, 100 %, 28 %, 46937 MiB, 49140 MiB, 299.30 W
2026/09/24 06:54:30.141, 100 %, 28 %, 46937 MiB, 49140 MiB, 299.30 W
2026/09/24 06:54:30.342, 100 %, 28 %, 46937 MiB, 49140 MiB, 299.30 W
2026/09/24 06:54:30.542, 100 %, 30 %, 46937 MiB, 49140 MiB, 299.35 W
2026/09/24 06:54:30.742, 100 %, 30 %, 46937 MiB, 49140 MiB, 299.35 W
2026/09/24 06:54:30.942, 100 %, 27 %, 46937 MiB, 49140 MiB, 299.36 W
2026/09/24 06:54:31.143, 100 %, 27 %, 46937 MiB, 49140 MiB, 299.36 W
2026/09/24 06:54:31.343, 100 %, 27 %, 46937 MiB, 49140 MiB, 299.36 W
2026/09/24 06:54:31.549, 100 %, 30 %, 46937 MiB, 49140 MiB, 299.39 W
2026/09/24 06:54:31.749, 100 %, 30 %, 46937 MiB, 49140 MiB, 299.39 W
2026/09/24 06:54:31.950, 100 %, 27 %, 46937 MiB, 49140 MiB, 299.41 W
2026/09/24 06:54:32.150, 100 %, 27 %, 46937 MiB, 49140 MiB, 299.41 W
2026/09/24 06:54:32.350, 100 %, 27 %, 46937 MiB, 49140 MiB, 299.41 W
2026/09/24 06:54:32.550, 100 %, 30 %, 46937 MiB, 49140 MiB, 299.39 W
2026/09/24 06:54:32.751, 100 %, 30 %, 46937 MiB, 49140 MiB, 299.39 W
2026/09/24 06:54:32.951, 100 %, 27 %, 46937 MiB, 49140 MiB, 299.42 W
2026/09/24 06:54:33.151, 100 %, 27 %, 46937 MiB, 49140 MiB, 299.42 W
2026/09/24 06:54:33.352, 100 %, 27 %, 46937 MiB, 49140 MiB, 299.42 W
2026/09/24 06:54:33.555, 100 %, 30 %, 46937 MiB, 49140 MiB, 299.49 W
2026/09/24 06:54:33.755, 100 %, 30 %, 46937 MiB, 49140 MiB, 299.49 W
2026/09/24 06:54:33.955, 100 %, 27 %, 46937 MiB, 49140 MiB, 299.36 W
2026/09/24 06:54:34.155, 100 %, 27 %, 46937 MiB, 49140 MiB, 299.36 W
2026/09/24 06:54:34.356, 100 %, 27 %, 46937 MiB, 49140 MiB, 299.36 W
2026/09/24 06:54:34.556, 100 %, 30 %, 46937 MiB, 49140 MiB, 299.37 W
2026/09/24 06:54:34.756, 100 %, 30 %, 46937 MiB, 49140 MiB, 299.37 W
2026/09/24 06:54:34.957, 100 %, 27 %, 46937 MiB, 49140 MiB, 299.28 W
2026/09/24 06:54:35.157, 100 %, 27 %, 46937 MiB, 49140 MiB, 299.28 W
2026/09/24 06:54:35.357, 100 %, 27 %, 46937 MiB, 49140 MiB, 299.28 W
2026/09/24 06:54:35.560, 100 %, 30 %, 46937 MiB, 49140 MiB, 299.33 W
2026/09/24 06:54:35.760, 100 %, 30 %, 46937 MiB, 49140 MiB, 299.33 W
2026/09/24 06:54:35.960, 100 %, 27 %, 46937 MiB, 49140 MiB, 299.33 W
2026/09/24 06:54:36.161, 100 %, 27 %, 46937 MiB, 49140 MiB, 299.33 W
2026/09/24 06:54:36.361, 100 %, 27 %, 46937 MiB, 49140 MiB, 299.33 W
2026/09/24 06:54:36.561, 100 %, 30 %, 46937 MiB, 49140 MiB, 299.44 W
2026/09/24 06:54:36.762, 100 %, 30 %, 46937 MiB, 49140 MiB, 299.44 W
2026/09/24 06:54:36.962, 100 %, 27 %, 46937 MiB, 49140 MiB, 299.33 W
2026/09/24 06:54:37.162, 100 %, 27 %, 46937 MiB, 49140 MiB, 299.33 W
2026/09/24 06:54:37.362, 100 %, 27 %, 46937 MiB, 49140 MiB, 299.33 W
2026/09/24 06:54:37.567, 100 %, 30 %, 46937 MiB, 49140 MiB, 299.44 W
2026/09/24 06:54:37.767, 100 %, 30 %, 46937 MiB, 49140 MiB, 299.44 W
2026/09/24 06:54:37.968, 100 %, 27 %, 46937 MiB, 49140 MiB, 299.45 W
2026/09/24 06:54:38.168, 100 %, 27 %, 46937 MiB, 49140 MiB, 299.45 W
2026/09/24 06:54:38.368, 100 %, 27 %, 46937 MiB, 49140 MiB, 299.45 W
2026/09/24 06:54:38.569, 100 %, 30 %, 46937 MiB, 49140 MiB, 299.40 W
2026/09/24 06:54:38.769, 100 %, 30 %, 46937 MiB, 49140 MiB, 299.40 W
2026/09/24 06:54:38.969, 100 %, 27 %, 46937 MiB, 49140 MiB, 299.42 W
2026/09/24 06:54:39.169, 100 %, 27 %, 46937 MiB, 49140 MiB, 299.42 W
2026/09/24 06:54:39.370, 100 %, 27 %, 46937 MiB, 49140 MiB, 299.42 W
2026/09/24 06:54:39.572, 100 %, 28 %, 46937 MiB, 49140 MiB, 299.46 W
2026/09/24 06:54:39.773, 100 %, 28 %, 46937 MiB, 49140 MiB, 299.46 W
2026/09/24 06:54:39.973, 100 %, 28 %, 46937 MiB, 49140 MiB, 299.36 W
2026/09/24 06:54:40.173, 100 %, 28 %, 46937 MiB, 49140 MiB, 299.36 W
2026/09/24 06:54:40.373, 100 %, 28 %, 46937 MiB, 49140 MiB, 299.36 W
2026/09/24 06:54:40.574, 100 %, 28 %, 46937 MiB, 49140 MiB, 299.58 W
2026/09/24 06:54:40.774, 100 %, 28 %, 46937 MiB, 49140 MiB, 299.58 W
2026/09/24 06:54:40.974, 100 %, 28 %, 46937 MiB, 49140 MiB, 299.27 W
2026/09/24 06:54:41.175, 100 %, 28 %, 46937 MiB, 49140 MiB, 299.27 W
2026/09/24 06:54:41.375, 100 %, 28 %, 46937 MiB, 49140 MiB, 299.27 W
2026/09/24 06:54:41.577, 100 %, 28 %, 46937 MiB, 49140 MiB, 299.61 W
2026/09/24 06:54:41.777, 100 %, 28 %, 46937 MiB, 49140 MiB, 299.61 W
2026/09/24 06:54:41.978, 100 %, 29 %, 46937 MiB, 49140 MiB, 299.36 W
2026/09/24 06:54:42.178, 100 %, 29 %, 46937 MiB, 49140 MiB, 299.36 W
2026/09/24 06:54:42.378, 100 %, 29 %, 46937 MiB, 49140 MiB, 299.36 W
2026/09/24 06:54:42.579, 100 %, 28 %, 46937 MiB, 49140 MiB, 299.64 W
2026/09/24 06:54:42.779, 100 %, 28 %, 46937 MiB, 49140 MiB, 299.64 W
2026/09/24 06:54:42.979, 100 %, 29 %, 46937 MiB, 49140 MiB, 299.30 W
2026/09/24 06:54:43.179, 100 %, 29 %, 46937 MiB, 49140 MiB, 299.30 W
2026/09/24 06:54:43.380, 100 %, 29 %, 46937 MiB, 49140 MiB, 299.30 W
2026/09/24 06:54:43.585, 100 %, 27 %, 46937 MiB, 49140 MiB, 299.73 W
2026/09/24 06:54:43.785, 100 %, 27 %, 46937 MiB, 49140 MiB, 299.73 W
2026/09/24 06:54:43.986, 100 %, 30 %, 46937 MiB, 49140 MiB, 299.09 W
2026/09/24 06:54:44.186, 100 %, 30 %, 46937 MiB, 49140 MiB, 299.09 W
2026/09/24 06:54:44.386, 100 %, 30 %, 46937 MiB, 49140 MiB, 299.09 W
2026/09/24 06:54:44.586, 100 %, 27 %, 46937 MiB, 49140 MiB, 299.76 W
2026/09/24 06:54:44.787, 100 %, 27 %, 46937 MiB, 49140 MiB, 299.76 W
2026/09/24 06:54:44.987, 100 %, 30 %, 46937 MiB, 49140 MiB, 299.13 W
2026/09/24 06:54:45.187, 100 %, 30 %, 46937 MiB, 49140 MiB, 299.13 W
2026/09/24 06:54:45.388, 100 %, 30 %, 46937 MiB, 49140 MiB, 299.13 W
2026/09/24 06:54:45.590, 100 %, 27 %, 46937 MiB, 49140 MiB, 299.54 W
2026/09/24 06:54:45.791, 100 %, 27 %, 46937 MiB, 49140 MiB, 299.54 W
2026/09/24 06:54:45.991, 100 %, 30 %, 46937 MiB, 49140 MiB, 299.31 W
2026/09/24 06:54:46.191, 100 %, 30 %, 46937 MiB, 49140 MiB, 299.31 W
2026/09/24 06:54:46.392, 100 %, 27 %, 46937 MiB, 49140 MiB, 299.58 W
2026/09/24 06:54:46.592, 100 %, 27 %, 46937 MiB, 49140 MiB, 299.58 W
2026/09/24 06:54:46.792, 100 %, 27 %, 46937 MiB, 49140 MiB, 299.58 W
2026/09/24 06:54:46.992, 100 %, 28 %, 46937 MiB, 49140 MiB, 299.43 W
2026/09/24 06:54:47.193, 100 %, 28 %, 46937 MiB, 49140 MiB, 299.43 W
2026/09/24 06:54:47.393, 100 %, 29 %, 46937 MiB, 49140 MiB, 299.42 W
2026/09/24 06:54:47.595, 100 %, 29 %, 46937 MiB, 49140 MiB, 299.42 W
2026/09/24 06:54:47.796, 100 %, 29 %, 46937 MiB, 49140 MiB, 299.42 W
2026/09/24 06:54:47.996, 100 %, 27 %, 46937 MiB, 49140 MiB, 299.39 W
2026/09/24 06:54:48.196, 100 %, 27 %, 46937 MiB, 49140 MiB, 299.39 W
2026/09/24 06:54:48.396, 100 %, 30 %, 46937 MiB, 49140 MiB, 299.21 W
2026/09/24 06:54:48.597, 100 %, 30 %, 46937 MiB, 49140 MiB, 299.21 W
2026/09/24 06:54:48.797, 100 %, 30 %, 46937 MiB, 49140 MiB, 299.21 W
2026/09/24 06:54:48.997, 100 %, 27 %, 46937 MiB, 49140 MiB, 299.34 W
2026/09/24 06:54:49.198, 100 %, 27 %, 46937 MiB, 49140 MiB, 299.34 W
2026/09/24 06:54:49.398, 100 %, 30 %, 46937 MiB, 49140 MiB, 299.36 W
2026/09/24 06:54:49.604, 100 %, 30 %, 46937 MiB, 49140 MiB, 299.36 W
2026/09/24 06:54:49.804, 100 %, 30 %, 46937 MiB, 49140 MiB, 299.36 W
2026/09/24 06:54:50.004, 100 %, 27 %, 46937 MiB, 49140 MiB, 299.42 W
2026/09/24 06:54:50.205, 100 %, 27 %, 46937 MiB, 49140 MiB, 299.42 W
2026/09/24 06:54:50.405, 100 %, 28 %, 46937 MiB, 49140 MiB, 299.53 W
2026/09/24 06:54:50.605, 100 %, 28 %, 46937 MiB, 49140 MiB, 299.53 W
2026/09/24 06:54:50.805, 100 %, 28 %, 46937 MiB, 49140 MiB, 299.53 W
2026/09/24 06:54:51.006, 100 %, 30 %, 46937 MiB, 49140 MiB, 299.16 W
2026/09/24 06:54:51.206, 100 %, 30 %, 46937 MiB, 49140 MiB, 299.16 W
2026/09/24 06:54:51.406, 100 %, 27 %, 46937 MiB, 49140 MiB, 299.70 W
2026/09/24 06:54:51.609, 100 %, 27 %, 46937 MiB, 49140 MiB, 299.70 W
2026/09/24 06:54:51.809, 100 %, 27 %, 46937 MiB, 49140 MiB, 299.70 W
2026/09/24 06:54:52.009, 100 %, 30 %, 46937 MiB, 49140 MiB, 299.26 W
2026/09/24 06:54:52.209, 100 %, 30 %, 46937 MiB, 49140 MiB, 299.26 W
2026/09/24 06:54:52.410, 100 %, 27 %, 46937 MiB, 49140 MiB, 299.61 W
2026/09/24 06:54:52.610, 100 %, 27 %, 46937 MiB, 49140 MiB, 299.61 W
2026/09/24 06:54:52.810, 100 %, 27 %, 46937 MiB, 49140 MiB, 299.61 W
2026/09/24 06:54:53.011, 100 %, 30 %, 46937 MiB, 49140 MiB, 299.39 W
2026/09/24 06:54:53.211, 100 %, 30 %, 46937 MiB, 49140 MiB, 299.39 W
2026/09/24 06:54:53.411, 100 %, 27 %, 46937 MiB, 49140 MiB, 299.52 W
2026/09/24 06:54:53.614, 100 %, 27 %, 46937 MiB, 49140 MiB, 299.52 W
2026/09/24 06:54:53.814, 100 %, 27 %, 46937 MiB, 49140 MiB, 299.52 W
2026/09/24 06:54:54.014, 100 %, 27 %, 46937 MiB, 49140 MiB, 299.46 W
2026/09/24 06:54:54.214, 100 %, 27 %, 46937 MiB, 49140 MiB, 299.46 W
2026/09/24 06:54:54.415, 100 %, 30 %, 46937 MiB, 49140 MiB, 299.27 W
2026/09/24 06:54:54.615, 100 %, 30 %, 46937 MiB, 49140 MiB, 299.27 W
2026/09/24 06:54:54.815, 100 %, 30 %, 46937 MiB, 49140 MiB, 299.27 W
2026/09/24 06:54:55.016, 100 %, 27 %, 46937 MiB, 49140 MiB, 299.42 W
2026/09/24 06:54:55.216, 100 %, 27 %, 46937 MiB, 49140 MiB, 299.42 W
2026/09/24 06:54:55.416, 100 %, 30 %, 46937 MiB, 49140 MiB, 299.19 W
2026/09/24 06:54:55.621, 100 %, 30 %, 46937 MiB, 49140 MiB, 299.19 W
2026/09/24 06:54:55.822, 100 %, 30 %, 46937 MiB, 49140 MiB, 299.19 W
2026/09/24 06:54:56.022, 100 %, 27 %, 46937 MiB, 49140 MiB, 299.49 W
2026/09/24 06:54:56.222, 100 %, 27 %, 46937 MiB, 49140 MiB, 299.49 W
2026/09/24 06:54:56.423, 100 %, 29 %, 46937 MiB, 49140 MiB, 299.44 W
2026/09/24 06:54:56.623, 100 %, 29 %, 46937 MiB, 49140 MiB, 299.44 W
2026/09/24 06:54:56.823, 100 %, 29 %, 46937 MiB, 49140 MiB, 299.44 W
2026/09/24 06:54:57.023, 100 %, 29 %, 46937 MiB, 49140 MiB, 299.61 W
2026/09/24 06:54:57.224, 100 %, 29 %, 46937 MiB, 49140 MiB, 299.61 W
2026/09/24 06:54:57.424, 100 %, 26 %, 46937 MiB, 49140 MiB, 299.39 W
2026/09/24 06:54:57.626, 100 %, 26 %, 46937 MiB, 49140 MiB, 299.39 W
2026/09/24 06:54:57.827, 100 %, 26 %, 46937 MiB, 49140 MiB, 299.39 W
2026/09/24 06:54:58.027, 100 %, 18 %, 46937 MiB, 49140 MiB, 299.79 W
2026/09/24 06:54:58.227, 100 %, 18 %, 46937 MiB, 49140 MiB, 299.79 W
2026/09/24 06:54:58.427, 100 %, 18 %, 46937 MiB, 49140 MiB, 299.21 W
2026/09/24 06:54:58.627, 100 %, 18 %, 46937 MiB, 49140 MiB, 299.21 W
2026/09/24 06:54:58.828, 100 %, 18 %, 46937 MiB, 49140 MiB, 299.21 W
2026/09/24 06:54:59.028, 100 %, 18 %, 46937 MiB, 49140 MiB, 299.60 W
2026/09/24 06:54:59.228, 100 %, 18 %, 46937 MiB, 49140 MiB, 299.60 W
2026/09/24 06:54:59.429, 100 %, 20 %, 46937 MiB, 49140 MiB, 299.43 W
2026/09/24 06:54:59.631, 100 %, 20 %, 46937 MiB, 49140 MiB, 299.43 W
2026/09/24 06:54:59.831, 100 %, 20 %, 46937 MiB, 49140 MiB, 299.43 W
2026/09/24 06:55:00.031, 100 %, 23 %, 46937 MiB, 49140 MiB, 299.30 W
2026/09/24 06:55:00.232, 100 %, 23 %, 46937 MiB, 49140 MiB, 299.30 W
2026/09/24 06:55:00.432, 100 %, 24 %, 46937 MiB, 49140 MiB, 299.23 W
2026/09/24 06:55:00.632, 100 %, 24 %, 46937 MiB, 49140 MiB, 299.23 W
2026/09/24 06:55:00.832, 100 %, 24 %, 46937 MiB, 49140 MiB, 299.23 W
2026/09/24 06:55:01.033, 100 %, 27 %, 46937 MiB, 49140 MiB, 299.48 W
2026/09/24 06:55:01.233, 100 %, 27 %, 46937 MiB, 49140 MiB, 299.48 W
2026/09/24 06:55:01.433, 100 %, 30 %, 46937 MiB, 49140 MiB, 299.33 W
2026/09/24 06:55:01.639, 100 %, 30 %, 46937 MiB, 49140 MiB, 299.33 W
2026/09/24 06:55:01.840, 100 %, 30 %, 46937 MiB, 49140 MiB, 299.33 W
2026/09/24 06:55:02.040, 100 %, 27 %, 46937 MiB, 49140 MiB, 299.55 W
2026/09/24 06:55:02.240, 100 %, 27 %, 46937 MiB, 49140 MiB, 299.55 W
2026/09/24 06:55:02.441, 100 %, 27 %, 46937 MiB, 49140 MiB, 299.25 W
2026/09/24 06:55:02.641, 100 %, 27 %, 46937 MiB, 49140 MiB, 299.25 W
2026/09/24 06:55:02.841, 100 %, 27 %, 46937 MiB, 49140 MiB, 299.25 W
2026/09/24 06:55:03.041, 100 %, 30 %, 46937 MiB, 49140 MiB, 299.37 W
2026/09/24 06:55:03.242, 100 %, 30 %, 46937 MiB, 49140 MiB, 299.37 W
2026/09/24 06:55:03.442, 100 %, 26 %, 46937 MiB, 49140 MiB, 299.15 W
2026/09/24 06:55:03.644, 100 %, 26 %, 46937 MiB, 49140 MiB, 299.15 W
2026/09/24 06:55:03.845, 100 %, 26 %, 46937 MiB, 49140 MiB, 299.15 W
2026/09/24 06:55:04.045, 100 %, 28 %, 46937 MiB, 49140 MiB, 299.50 W
2026/09/24 06:55:04.245, 100 %, 28 %, 46937 MiB, 49140 MiB, 299.50 W
2026/09/24 06:55:04.445, 100 %, 30 %, 46937 MiB, 49140 MiB, 299.51 W
2026/09/24 06:55:04.646, 100 %, 30 %, 46937 MiB, 49140 MiB, 299.51 W
2026/09/24 06:55:04.846, 100 %, 30 %, 46937 MiB, 49140 MiB, 299.51 W
2026/09/24 06:55:05.046, 100 %, 27 %, 46937 MiB, 49140 MiB, 299.30 W
2026/09/24 06:55:05.247, 100 %, 27 %, 46937 MiB, 49140 MiB, 299.30 W
2026/09/24 06:55:05.447, 100 %, 30 %, 46937 MiB, 49140 MiB, 299.62 W
2026/09/24 06:55:05.649, 100 %, 30 %, 46937 MiB, 49140 MiB, 299.62 W
2026/09/24 06:55:05.849, 100 %, 30 %, 46937 MiB, 49140 MiB, 299.62 W
2026/09/24 06:55:06.050, 100 %, 27 %, 46937 MiB, 49140 MiB, 299.47 W
2026/09/24 06:55:06.250, 100 %, 27 %, 46937 MiB, 49140 MiB, 299.47 W
2026/09/24 06:55:06.450, 100 %, 30 %, 46937 MiB, 49140 MiB, 299.26 W
2026/09/24 06:55:06.651, 100 %, 30 %, 46937 MiB, 49140 MiB, 299.26 W
2026/09/24 06:55:06.851, 100 %, 30 %, 46937 MiB, 49140 MiB, 299.26 W
2026/09/24 06:55:07.051, 100 %, 27 %, 46937 MiB, 49140 MiB, 299.31 W
2026/09/24 06:55:07.251, 100 %, 27 %, 46937 MiB, 49140 MiB, 299.31 W
2026/09/24 06:55:07.452, 100 %, 29 %, 46937 MiB, 49140 MiB, 299.18 W
2026/09/24 06:55:07.658, 100 %, 29 %, 46937 MiB, 49140 MiB, 299.18 W
2026/09/24 06:55:07.858, 100 %, 29 %, 46937 MiB, 49140 MiB, 299.18 W
2026/09/24 06:55:08.058, 100 %, 29 %, 46937 MiB, 49140 MiB, 299.23 W
2026/09/24 06:55:08.259, 100 %, 29 %, 46937 MiB, 49140 MiB, 299.23 W
2026/09/24 06:55:08.459, 100 %, 27 %, 46937 MiB, 49140 MiB, 299.38 W
2026/09/24 06:55:08.659, 100 %, 27 %, 46937 MiB, 49140 MiB, 299.38 W
2026/09/24 06:55:08.859, 100 %, 27 %, 46937 MiB, 49140 MiB, 299.38 W
2026/09/24 06:55:09.060, 100 %, 30 %, 46937 MiB, 49140 MiB, 299.36 W
2026/09/24 06:55:09.260, 100 %, 30 %, 46937 MiB, 49140 MiB, 299.36 W
2026/09/24 06:55:09.460, 100 %, 27 %, 46937 MiB, 49140 MiB, 299.57 W
2026/09/24 06:55:09.664, 100 %, 27 %, 46937 MiB, 49140 MiB, 299.57 W
2026/09/24 06:55:09.865, 100 %, 27 %, 46937 MiB, 49140 MiB, 299.57 W
2026/09/24 06:55:10.065, 100 %, 27 %, 46937 MiB, 49140 MiB, 299.64 W
2026/09/24 06:55:10.265, 100 %, 27 %, 46937 MiB, 49140 MiB, 299.64 W
2026/09/24 06:55:10.466, 100 %, 30 %, 46937 MiB, 49140 MiB, 299.08 W
2026/09/24 06:55:10.666, 100 %, 30 %, 46937 MiB, 49140 MiB, 299.08 W
2026/09/24 06:55:10.866, 100 %, 30 %, 46937 MiB, 49140 MiB, 299.08 W
2026/09/24 06:55:11.066, 100 %, 27 %, 46937 MiB, 49140 MiB, 299.42 W
2026/09/24 06:55:11.267, 100 %, 27 %, 46937 MiB, 49140 MiB, 299.42 W
2026/09/24 06:55:11.467, 100 %, 27 %, 46937 MiB, 49140 MiB, 299.36 W
2026/09/24 06:55:11.669, 100 %, 27 %, 46937 MiB, 49140 MiB, 299.36 W
2026/09/24 06:55:11.870, 100 %, 27 %, 46937 MiB, 49140 MiB, 299.36 W
2026/09/24 06:55:12.070, 100 %, 30 %, 46937 MiB, 49140 MiB, 299.19 W
2026/09/24 06:55:12.270, 100 %, 30 %, 46937 MiB, 49140 MiB, 299.19 W
2026/09/24 06:55:12.471, 100 %, 27 %, 46937 MiB, 49140 MiB, 299.33 W
2026/09/24 06:55:12.671, 100 %, 27 %, 46937 MiB, 49140 MiB, 299.33 W
2026/09/24 06:55:12.871, 100 %, 27 %, 46937 MiB, 49140 MiB, 299.33 W
2026/09/24 06:55:13.071, 100 %, 27 %, 46937 MiB, 49140 MiB, 299.35 W
2026/09/24 06:55:13.272, 100 %, 27 %, 46937 MiB, 49140 MiB, 299.35 W
2026/09/24 06:55:13.472, 100 %, 30 %, 46937 MiB, 49140 MiB, 299.24 W
2026/09/24 06:55:13.676, 100 %, 30 %, 46937 MiB, 49140 MiB, 299.24 W
2026/09/24 06:55:13.876, 100 %, 30 %, 46937 MiB, 49140 MiB, 299.24 W
2026/09/24 06:55:14.077, 100 %, 27 %, 46937 MiB, 49140 MiB, 299.44 W
2026/09/24 06:55:14.277, 100 %, 27 %, 46937 MiB, 49140 MiB, 299.44 W
2026/09/24 06:55:14.477, 100 %, 27 %, 46937 MiB, 49140 MiB, 299.33 W
2026/09/24 06:55:14.677, 100 %, 27 %, 46937 MiB, 49140 MiB, 299.33 W
2026/09/24 06:55:14.878, 100 %, 27 %, 46937 MiB, 49140 MiB, 299.33 W
2026/09/24 06:55:15.078, 100 %, 30 %, 46937 MiB, 49140 MiB, 299.28 W
2026/09/24 06:55:15.278, 100 %, 30 %, 46937 MiB, 49140 MiB, 299.28 W
2026/09/24 06:55:15.478, 100 %, 27 %, 46937 MiB, 49140 MiB, 299.37 W
2026/09/24 06:55:15.681, 100 %, 27 %, 46937 MiB, 49140 MiB, 299.37 W
2026/09/24 06:55:15.881, 100 %, 27 %, 46937 MiB, 49140 MiB, 299.37 W
2026/09/24 06:55:16.081, 100 %, 27 %, 46937 MiB, 49140 MiB, 299.67 W
2026/09/24 06:55:16.282, 100 %, 27 %, 46937 MiB, 49140 MiB, 299.67 W
2026/09/24 06:55:16.482, 100 %, 30 %, 46937 MiB, 49140 MiB, 299.21 W
2026/09/24 06:55:16.682, 100 %, 30 %, 46937 MiB, 49140 MiB, 299.21 W
2026/09/24 06:55:16.882, 100 %, 30 %, 46937 MiB, 49140 MiB, 299.21 W
2026/09/24 06:55:17.083, 100 %, 28 %, 46937 MiB, 49140 MiB, 299.42 W
2026/09/24 06:55:17.283, 100 %, 28 %, 46937 MiB, 49140 MiB, 299.42 W
2026/09/24 06:55:17.483, 100 %, 27 %, 46937 MiB, 49140 MiB, 299.34 W
2026/09/24 06:55:17.686, 100 %, 27 %, 46937 MiB, 49140 MiB, 299.34 W
2026/09/24 06:55:17.886, 100 %, 27 %, 46937 MiB, 49140 MiB, 299.34 W
2026/09/24 06:55:18.086, 100 %, 30 %, 46937 MiB, 49140 MiB, 299.40 W
2026/09/24 06:55:18.287, 100 %, 30 %, 46937 MiB, 49140 MiB, 299.40 W
2026/09/24 06:55:18.487, 100 %, 28 %, 46937 MiB, 49140 MiB, 299.26 W
2026/09/24 06:55:18.687, 100 %, 28 %, 46937 MiB, 49140 MiB, 299.26 W
2026/09/24 06:55:18.887, 100 %, 28 %, 46937 MiB, 49140 MiB, 299.26 W
2026/09/24 06:55:19.088, 100 %, 26 %, 46937 MiB, 49140 MiB, 299.38 W
2026/09/24 06:55:19.288, 100 %, 26 %, 46937 MiB, 49140 MiB, 299.38 W
2026/09/24 06:55:19.488, 100 %, 28 %, 46937 MiB, 49140 MiB, 299.24 W
2026/09/24 06:55:19.695, 100 %, 28 %, 46937 MiB, 49140 MiB, 299.24 W
2026/09/24 06:55:19.895, 100 %, 30 %, 46937 MiB, 49140 MiB, 299.29 W
2026/09/24 06:55:20.096, 100 %, 30 %, 46937 MiB, 49140 MiB, 299.29 W
2026/09/24 06:55:20.296, 100 %, 30 %, 46937 MiB, 49140 MiB, 299.29 W
2026/09/24 06:55:20.496, 100 %, 27 %, 46937 MiB, 49140 MiB, 299.32 W
2026/09/24 06:55:20.696, 100 %, 27 %, 46937 MiB, 49140 MiB, 299.32 W
2026/09/24 06:55:20.897, 100 %, 27 %, 46937 MiB, 49140 MiB, 299.23 W
2026/09/24 06:55:21.097, 100 %, 27 %, 46937 MiB, 49140 MiB, 299.23 W
2026/09/24 06:55:21.297, 100 %, 27 %, 46937 MiB, 49140 MiB, 299.23 W
2026/09/24 06:55:21.497, 100 %, 29 %, 46937 MiB, 49140 MiB, 299.34 W
2026/09/24 06:55:21.701, 100 %, 29 %, 46937 MiB, 49140 MiB, 299.34 W
2026/09/24 06:55:21.901, 100 %, 30 %, 46937 MiB, 49140 MiB, 299.44 W
2026/09/24 06:55:22.101, 100 %, 30 %, 46937 MiB, 49140 MiB, 299.44 W
2026/09/24 06:55:22.302, 100 %, 30 %, 46937 MiB, 49140 MiB, 299.44 W
2026/09/24 06:55:22.502, 100 %, 27 %, 46937 MiB, 49140 MiB, 299.37 W
2026/09/24 06:55:22.702, 100 %, 27 %, 46937 MiB, 49140 MiB, 299.37 W
2026/09/24 06:55:22.902, 100 %, 27 %, 46937 MiB, 49140 MiB, 299.42 W
2026/09/24 06:55:23.103, 100 %, 27 %, 46937 MiB, 49140 MiB, 299.42 W
2026/09/24 06:55:23.303, 100 %, 27 %, 46937 MiB, 49140 MiB, 299.42 W
2026/09/24 06:55:23.503, 100 %, 28 %, 46937 MiB, 49140 MiB, 299.31 W
2026/09/24 06:55:23.706, 100 %, 28 %, 46937 MiB, 49140 MiB, 299.31 W
2026/09/24 06:55:23.907, 100 %, 29 %, 46937 MiB, 49140 MiB, 299.27 W
2026/09/24 06:55:24.107, 100 %, 29 %, 46937 MiB, 49140 MiB, 299.27 W
2026/09/24 06:55:24.307, 100 %, 29 %, 46937 MiB, 49140 MiB, 299.27 W
2026/09/24 06:55:24.507, 100 %, 27 %, 46937 MiB, 49140 MiB, 299.32 W
2026/09/24 06:55:24.708, 100 %, 27 %, 46937 MiB, 49140 MiB, 299.32 W
2026/09/24 06:55:24.908, 100 %, 27 %, 46937 MiB, 49140 MiB, 299.13 W
2026/09/24 06:55:25.108, 100 %, 27 %, 46937 MiB, 49140 MiB, 299.13 W
2026/09/24 06:55:25.308, 100 %, 27 %, 46937 MiB, 49140 MiB, 299.13 W
2026/09/24 06:55:25.509, 100 %, 30 %, 46937 MiB, 49140 MiB, 299.21 W
2026/09/24 06:55:25.712, 100 %, 30 %, 46937 MiB, 49140 MiB, 299.21 W
2026/09/24 06:55:25.912, 100 %, 29 %, 46937 MiB, 49140 MiB, 299.22 W
2026/09/24 06:55:26.112, 100 %, 29 %, 46937 MiB, 49140 MiB, 299.22 W
2026/09/24 06:55:26.313, 100 %, 29 %, 46937 MiB, 49140 MiB, 299.22 W
2026/09/24 06:55:26.513, 100 %, 27 %, 46937 MiB, 49140 MiB, 299.35 W
2026/09/24 06:55:26.713, 100 %, 27 %, 46937 MiB, 49140 MiB, 299.35 W
2026/09/24 06:55:26.913, 100 %, 27 %, 46937 MiB, 49140 MiB, 299.25 W
2026/09/24 06:55:27.114, 100 %, 27 %, 46937 MiB, 49140 MiB, 299.25 W
2026/09/24 06:55:27.314, 100 %, 27 %, 46937 MiB, 49140 MiB, 299.25 W
2026/09/24 06:55:27.514, 100 %, 30 %, 46937 MiB, 49140 MiB, 299.28 W
2026/09/24 06:55:27.717, 100 %, 30 %, 46937 MiB, 49140 MiB, 299.28 W
2026/09/24 06:55:27.917, 100 %, 29 %, 46937 MiB, 49140 MiB, 299.29 W
2026/09/24 06:55:28.117, 100 %, 29 %, 46937 MiB, 49140 MiB, 299.29 W
2026/09/24 06:55:28.318, 100 %, 29 %, 46937 MiB, 49140 MiB, 299.29 W
2026/09/24 06:55:28.518, 100 %, 26 %, 46937 MiB, 49140 MiB, 299.30 W
2026/09/24 06:55:28.718, 100 %, 26 %, 46937 MiB, 49140 MiB, 299.30 W
2026/09/24 06:55:28.918, 100 %, 27 %, 46937 MiB, 49140 MiB, 299.41 W
2026/09/24 06:55:29.119, 100 %, 27 %, 46937 MiB, 49140 MiB, 299.41 W
2026/09/24 06:55:29.319, 100 %, 27 %, 46937 MiB, 49140 MiB, 299.41 W
2026/09/24 06:55:29.519, 2 %, 2 %, 46937 MiB, 49140 MiB, 262.71 W
2026/09/24 06:55:29.721, 2 %, 2 %, 46937 MiB, 49140 MiB, 262.71 W
2026/09/24 06:55:29.921, 0 %, 0 %, 46937 MiB, 49140 MiB, 173.76 W
2026/09/24 06:55:30.121, 0 %, 0 %, 46937 MiB, 49140 MiB, 173.76 W
2026/09/24 06:55:30.322, 0 %, 0 %, 46937 MiB, 49140 MiB, 173.76 W
2026/09/24 06:55:30.522, 0 %, 0 %, 46937 MiB, 49140 MiB, 112.72 W
2026/09/24 06:55:30.722, 0 %, 0 %, 46937 MiB, 49140 MiB, 112.72 W
2026/09/24 06:55:30.922, 0 %, 0 %, 46937 MiB, 49140 MiB, 112.72 W
2026/09/24 06:55:31.123, 0 %, 0 %, 46937 MiB, 49140 MiB, 112.72 W
2026/09/24 06:55:31.323, 0 %, 0 %, 46937 MiB, 49140 MiB, 112.72 W
2026/09/24 06:55:31.523, 0 %, 0 %, 46937 MiB, 49140 MiB, 96.86 W
2026/09/24 06:55:31.725, 0 %, 0 %, 46937 MiB, 49140 MiB, 96.86 W
2026/09/24 06:55:31.925, 0 %, 0 %, 46937 MiB, 49140 MiB, 96.86 W
2026/09/24 06:55:32.125, 0 %, 0 %, 46937 MiB, 49140 MiB, 96.86 W
2026/09/24 06:55:32.325, 0 %, 0 %, 46937 MiB, 49140 MiB, 96.86 W
2026/09/24 06:55:32.526, 0 %, 0 %, 46937 MiB, 49140 MiB, 86.92 W
2026/09/24 06:55:32.726, 0 %, 0 %, 46937 MiB, 49140 MiB, 86.92 W
2026/09/24 06:55:32.926, 0 %, 0 %, 46937 MiB, 49140 MiB, 86.92 W
2026/09/24 06:55:33.126, 0 %, 0 %, 46937 MiB, 49140 MiB, 86.92 W
2026/09/24 06:55:33.327, 0 %, 0 %, 46937 MiB, 49140 MiB, 86.92 W
2026/09/24 06:55:33.527, 0 %, 0 %, 46937 MiB, 49140 MiB, 76.96 W
2026/09/24 06:55:33.728, 0 %, 0 %, 46937 MiB, 49140 MiB, 76.96 W
2026/09/24 06:55:33.929, 0 %, 0 %, 46937 MiB, 49140 MiB, 76.96 W
2026/09/24 06:55:34.129, 0 %, 0 %, 46937 MiB, 49140 MiB, 76.96 W
2026/09/24 06:55:34.329, 0 %, 0 %, 46937 MiB, 49140 MiB, 76.96 W
2026/09/24 06:55:34.530, 0 %, 0 %, 46937 MiB, 49140 MiB, 76.17 W
2026/09/24 06:55:34.730, 0 %, 0 %, 46937 MiB, 49140 MiB, 76.17 W
2026/09/24 06:55:34.930, 0 %, 0 %, 46937 MiB, 49140 MiB, 76.17 W
2026/09/24 06:55:35.130, 0 %, 0 %, 46937 MiB, 49140 MiB, 76.17 W
2026/09/24 06:55:35.331, 0 %, 0 %, 46937 MiB, 49140 MiB, 76.17 W
2026/09/24 06:55:35.531, 0 %, 0 %, 46937 MiB, 49140 MiB, 75.61 W
2026/09/24 06:55:35.732, 0 %, 0 %, 46937 MiB, 49140 MiB, 75.61 W
2026/09/24 06:55:35.933, 0 %, 0 %, 46937 MiB, 49140 MiB, 75.61 W
2026/09/24 06:55:36.133, 0 %, 0 %, 46937 MiB, 49140 MiB, 75.61 W
2026/09/24 06:55:36.333, 0 %, 0 %, 46937 MiB, 49140 MiB, 75.61 W
2026/09/24 06:55:36.533, 0 %, 0 %, 46937 MiB, 49140 MiB, 75.26 W
2026/09/24 06:55:36.734, 0 %, 0 %, 46937 MiB, 49140 MiB, 75.26 W
2026/09/24 06:55:36.934, 0 %, 0 %, 46937 MiB, 49140 MiB, 75.26 W
2026/09/24 06:55:37.134, 0 %, 0 %, 46937 MiB, 49140 MiB, 75.26 W
2026/09/24 06:55:37.334, 0 %, 0 %, 46937 MiB, 49140 MiB, 75.26 W
2026/09/24 06:55:37.535, 0 %, 0 %, 46937 MiB, 49140 MiB, 75.04 W
2026/09/24 06:55:37.736, 0 %, 0 %, 46937 MiB, 49140 MiB, 75.04 W
2026/09/24 06:55:37.937, 0 %, 0 %, 46937 MiB, 49140 MiB, 75.04 W
2026/09/24 06:55:38.137, 0 %, 0 %, 46937 MiB, 49140 MiB, 75.04 W
2026/09/24 06:55:38.337, 0 %, 0 %, 46937 MiB, 49140 MiB, 75.04 W
2026/09/24 06:55:38.537, 0 %, 0 %, 46937 MiB, 49140 MiB, 74.91 W
2026/09/24 06:55:38.738, 0 %, 0 %, 46937 MiB, 49140 MiB, 74.91 W
2026/09/24 06:55:38.938, 0 %, 0 %, 46937 MiB, 49140 MiB, 74.91 W
2026/09/24 06:55:39.138, 0 %, 0 %, 46937 MiB, 49140 MiB, 74.91 W
2026/09/24 06:55:39.339, 0 %, 0 %, 46937 MiB, 49140 MiB, 74.91 W
2026/09/24 06:55:39.539, 0 %, 0 %, 46937 MiB, 49140 MiB, 74.86 W
2026/09/24 06:55:39.740, 0 %, 0 %, 46937 MiB, 49140 MiB, 74.86 W
2026/09/24 06:55:39.940, 0 %, 0 %, 46937 MiB, 49140 MiB, 74.86 W
2026/09/24 06:55:40.141, 0 %, 0 %, 46937 MiB, 49140 MiB, 74.86 W
2026/09/24 06:55:40.341, 0 %, 0 %, 46937 MiB, 49140 MiB, 74.86 W
2026/09/24 06:55:40.541, 0 %, 0 %, 46937 MiB, 49140 MiB, 74.79 W
2026/09/24 06:55:40.741, 0 %, 0 %, 46937 MiB, 49140 MiB, 74.79 W
2026/09/24 06:55:40.942, 0 %, 0 %, 46937 MiB, 49140 MiB, 74.79 W
2026/09/24 06:55:41.142, 0 %, 0 %, 46937 MiB, 49140 MiB, 74.79 W
2026/09/24 06:55:41.342, 0 %, 0 %, 46937 MiB, 49140 MiB, 74.79 W
2026/09/24 06:55:41.543, 0 %, 0 %, 46937 MiB, 49140 MiB, 74.73 W
2026/09/24 06:55:41.744, 0 %, 0 %, 46937 MiB, 49140 MiB, 74.73 W
2026/09/24 06:55:41.944, 0 %, 0 %, 46937 MiB, 49140 MiB, 74.73 W
2026/09/24 06:55:42.145, 0 %, 0 %, 46937 MiB, 49140 MiB, 74.73 W
2026/09/24 06:55:42.345, 0 %, 0 %, 46937 MiB, 49140 MiB, 74.73 W
2026/09/24 06:55:42.545, 0 %, 0 %, 46937 MiB, 49140 MiB, 74.68 W
2026/09/24 06:55:42.745, 0 %, 0 %, 46937 MiB, 49140 MiB, 74.68 W
2026/09/24 06:55:42.946, 0 %, 0 %, 46937 MiB, 49140 MiB, 74.68 W
2026/09/24 06:55:43.146, 0 %, 0 %, 46937 MiB, 49140 MiB, 74.68 W
2026/09/24 06:55:43.346, 0 %, 0 %, 46937 MiB, 49140 MiB, 74.68 W
2026/09/24 06:55:43.547, 0 %, 0 %, 46937 MiB, 49140 MiB, 74.62 W
2026/09/24 06:55:43.748, 0 %, 0 %, 46937 MiB, 49140 MiB, 74.62 W
2026/09/24 06:55:43.948, 0 %, 0 %, 46937 MiB, 49140 MiB, 74.62 W
2026/09/24 06:55:44.149, 0 %, 0 %, 46937 MiB, 49140 MiB, 74.62 W
2026/09/24 06:55:44.349, 0 %, 0 %, 46937 MiB, 49140 MiB, 74.62 W
2026/09/24 06:55:44.549, 0 %, 0 %, 46937 MiB, 49140 MiB, 74.57 W
2026/09/24 06:55:44.750, 0 %, 0 %, 46937 MiB, 49140 MiB, 74.57 W
2026/09/24 06:55:44.950, 0 %, 0 %, 46937 MiB, 49140 MiB, 74.57 W
2026/09/24 06:55:45.150, 0 %, 0 %, 46937 MiB, 49140 MiB, 74.57 W
2026/09/24 06:55:45.350, 0 %, 0 %, 46937 MiB, 49140 MiB, 74.57 W
2026/09/24 06:55:45.551, 0 %, 0 %, 46937 MiB, 49140 MiB, 74.52 W
2026/09/24 06:55:45.752, 0 %, 0 %, 46937 MiB, 49140 MiB, 74.52 W
2026/09/24 06:55:45.952, 0 %, 0 %, 46937 MiB, 49140 MiB, 74.52 W
2026/09/24 06:55:46.153, 0 %, 0 %, 46937 MiB, 49140 MiB, 74.52 W
2026/09/24 06:55:46.353, 0 %, 0 %, 46937 MiB, 49140 MiB, 74.52 W
2026/09/24 06:55:46.553, 0 %, 0 %, 46937 MiB, 49140 MiB, 64.51 W
2026/09/24 06:55:46.753, 0 %, 0 %, 46937 MiB, 49140 MiB, 64.51 W
2026/09/24 06:55:46.954, 0 %, 0 %, 46937 MiB, 49140 MiB, 64.51 W
2026/09/24 06:55:47.154, 0 %, 0 %, 46937 MiB, 49140 MiB, 64.51 W
2026/09/24 06:55:47.354, 0 %, 0 %, 46937 MiB, 49140 MiB, 64.51 W
2026/09/24 06:55:47.555, 0 %, 0 %, 46937 MiB, 49140 MiB, 46.70 W
2026/09/24 06:55:47.757, 0 %, 0 %, 46937 MiB, 49140 MiB, 46.70 W
2026/09/24 06:55:47.957, 0 %, 0 %, 46937 MiB, 49140 MiB, 46.70 W
2026/09/24 06:55:48.157, 0 %, 0 %, 46937 MiB, 49140 MiB, 46.70 W
2026/09/24 06:55:48.358, 0 %, 0 %, 46937 MiB, 49140 MiB, 46.70 W
2026/09/24 06:55:48.558, 0 %, 0 %, 46937 MiB, 49140 MiB, 36.94 W
2026/09/24 06:55:48.758, 0 %, 0 %, 46937 MiB, 49140 MiB, 36.94 W
2026/09/24 06:55:48.959, 0 %, 0 %, 46937 MiB, 49140 MiB, 36.94 W
2026/09/24 06:55:49.159, 0 %, 0 %, 46937 MiB, 49140 MiB, 36.94 W
2026/09/24 06:55:49.359, 0 %, 0 %, 46937 MiB, 49140 MiB, 36.94 W
2026/09/24 06:55:49.559, 0 %, 0 %, 46937 MiB, 49140 MiB, 34.65 W
2026/09/24 06:55:49.762, 0 %, 0 %, 46937 MiB, 49140 MiB, 34.65 W
2026/09/24 06:55:49.962, 0 %, 0 %, 46937 MiB, 49140 MiB, 34.65 W
2026/09/24 06:55:50.162, 0 %, 0 %, 46937 MiB, 49140 MiB, 34.65 W
2026/09/24 06:55:50.363, 0 %, 0 %, 46937 MiB, 49140 MiB, 34.65 W
2026/09/24 06:55:50.563, 0 %, 0 %, 46937 MiB, 49140 MiB, 34.00 W
2026/09/24 06:55:50.763, 0 %, 0 %, 46937 MiB, 49140 MiB, 34.00 W
2026/09/24 06:55:50.963, 0 %, 0 %, 46937 MiB, 49140 MiB, 34.00 W
2026/09/24 06:55:51.164, 0 %, 0 %, 46937 MiB, 49140 MiB, 34.00 W
2026/09/24 06:55:51.364, 0 %, 0 %, 46937 MiB, 49140 MiB, 34.00 W
2026/09/24 06:55:51.564, 0 %, 0 %, 46937 MiB, 49140 MiB, 33.54 W
2026/09/24 06:55:51.766, 0 %, 0 %, 46937 MiB, 49140 MiB, 33.54 W
2026/09/24 06:55:51.967, 0 %, 0 %, 46937 MiB, 49140 MiB, 33.54 W
2026/09/24 06:55:52.167, 0 %, 0 %, 46937 MiB, 49140 MiB, 33.54 W
2026/09/24 06:55:52.367, 0 %, 0 %, 46937 MiB, 49140 MiB, 33.54 W
2026/09/24 06:55:52.568, 0 %, 0 %, 46937 MiB, 49140 MiB, 33.02 W
2026/09/24 06:55:52.768, 0 %, 0 %, 46937 MiB, 49140 MiB, 33.02 W
2026/09/24 06:55:52.968, 31 %, 29 %, 500 MiB, 49140 MiB, 32.96 W
2026/09/24 06:55:53.168, 31 %, 29 %, 500 MiB, 49140 MiB, 32.96 W
2026/09/24 06:55:53.369, 31 %, 29 %, 500 MiB, 49140 MiB, 32.96 W
2026/09/24 06:55:53.569, 100 %, 8 %, 500 MiB, 49140 MiB, 53.61 W
2026/09/24 06:55:53.770, 100 %, 8 %, 500 MiB, 49140 MiB, 53.61 W
2026/09/24 06:55:53.971, 30 %, 3 %, 500 MiB, 49140 MiB, 90.22 W
2026/09/24 06:55:54.171, 30 %, 3 %, 500 MiB, 49140 MiB, 90.22 W
2026/09/24 06:55:54.371, 30 %, 3 %, 500 MiB, 49140 MiB, 90.22 W
2026/09/24 06:55:54.572, 0 %, 0 %, 500 MiB, 49140 MiB, 103.85 W
2026/09/24 06:55:54.772, 0 %, 0 %, 500 MiB, 49140 MiB, 103.85 W
2026/09/24 06:55:54.972, 0 %, 0 %, 500 MiB, 49140 MiB, 95.65 W
2026/09/24 06:55:55.172, 0 %, 0 %, 500 MiB, 49140 MiB, 95.65 W
2026/09/24 06:55:55.373, 0 %, 0 %, 500 MiB, 49140 MiB, 95.65 W
